"","sample_code","clone","seq_id","Vgene","Jgene","Vgene_KC","Jgene_KC","Vgene_LC","Jgene_LC","Isotype","CDR3length","CDR3isoelectricpoint","IgBLASTmutationcount","combo","group"
"1","PSC19D",29,"AAAGATGAGAGCTGCA-1_contig_2","IGHV3-74*01","IGHJ4*02",NA,NA,"IGLV2-8*01","IGLJ3*02","unknown",9,9.79498291,46,"U1","top_IgA"
"2","PSC19D",29,"ACCAGTAAGATAGCAT-1_contig_1","IGHV3-74*01","IGHJ4*01",NA,NA,"IGLV2-8*01","IGLJ3*02","IgA2",9,9.79498291,41,"U1","top_IgA"
"3","PSC19D",29,"ACGCCGAGTGCGATAG-1_contig_2","IGHV3-74*01","IGHJ4*02",NA,NA,"IGLV2-8*01","IGLJ3*02","unknown",9,9.79498291,46,"U1","top_IgA"
"4","PSC19D",29,"ACGGGTCGTCAGATAA-1_contig_2","IGHV3-74*01","IGHJ4*01",NA,NA,"IGLV2-8*01","IGLJ3*02","IgA2",9,9.79498291,41,"U1","top_IgA"
"5","PSC19D",29,"CCGGTAGAGGATCGCA-1_contig_2","IGHV3-74*01","IGHJ4*02",NA,NA,"IGLV2-8*01","IGLJ3*02","IgA1",9,6.046936035,37,"U1","top_IgA"
"6","PSC19D",29,"CTCGAAACACGCATCG-1_contig_2","IGHV3-74*01","IGHJ4*02",NA,NA,"IGLV2-8*01","IGLJ3*02","IgA2",9,6.262756348,30,"U1","top_IgA"
"7","PSC19D",29,"GACACGCCAAAGAATC-1_contig_2","IGHV3-74*01","IGHJ4*02",NA,NA,"IGLV2-8*01","IGLJ3*02","unknown",9,9.79498291,53,"U1","top_IgA"
"8","PSC19D",29,"TTCTTAGTCAACGGGA-1_contig_3","IGHV3-74*01","IGHJ4*01",NA,NA,"IGLV2-8*01","IGLJ3*02","IgA2",9,9.79498291,41,"U1","top_IgA"
"9","PSC51B",61,"AACTGGTCAAGGACTG-1_contig_1","IGHV4-34*01","IGHJ4*02","IGKV3-20*01","IGKJ2*01",NA,NA,"IgA1",23,6.001403809,27,"I1","top_IgA"
"10","PSC51B",61,"AAGTCTGTCGACCAGC-1_contig_11","IGHV4-34*01","IGHJ4*02","IGKV3-20*01","IGKJ2*01",NA,NA,"IgA1",23,6.002258301,27,"I1","top_IgA"
"11","PSC51B",61,"AGCGTATCATAAAGGT-1_contig_11","IGHV4-34*01","IGHJ4*02","IGKV3-20*01","IGKJ2*01",NA,NA,"IgA1",23,6.001403809,28,"I1","top_IgA"
"12","PSC51B",61,"AGCTTGAAGGCTAGCA-1_contig_1","IGHV4-34*01","IGHJ4*02","IGKV3-20*01","IGKJ2*01","IGLV1-40*01","IGLJ2*01","IgA1",23,6.002258301,27,"I1","top_IgA"
"13","PSC51B",61,"CACAGTATCTTACCGC-1_contig_9","IGHV4-34*01","IGHJ4*02","IGKV3-20*01","IGKJ2*01",NA,NA,"IgA1",23,6.002258301,28,"I1","top_IgA"
"14","PSC51B",61,"CACTCCATCCAGTAGT-1_contig_1","IGHV4-34*01","IGHJ4*02","IGKV3-20*01","IGKJ2*01",NA,NA,"IgA1",23,6.002258301,28,"I1","top_IgA"
"15","PSC51B",61,"CCCAGTTCAGGACCCT-1_contig_8","IGHV4-34*01","IGHJ4*02","IGKV3-20*01","IGKJ2*01",NA,NA,"IgA1",23,6.002258301,27,"I1","top_IgA"
"16","PSC51B",61,"CCTCAGTGTGAGCGAT-1_contig_1","IGHV4-34*01","IGHJ4*02","IGKV3-20*01","IGKJ2*01",NA,NA,"IgA1",23,6.002258301,28,"I1","top_IgA"
"17","PSC51B",61,"CCTTACGTCACCAGGC-1_contig_11","IGHV4-34*01","IGHJ4*02","IGKV3-20*01","IGKJ2*01",NA,NA,"IgA1",23,6.001403809,28,"I1","top_IgA"
"18","PSC51B",61,"CGGGTCAGTTTAGGAA-1_contig_8","IGHV4-34*01","IGHJ4*02","IGKV3-20*01","IGKJ2*01",NA,NA,"IgA1",23,6.002258301,28,"I1","top_IgA"
"19","PSC51B",61,"CTACCCATCTTTAGTC-1_contig_1","IGHV4-34*01","IGHJ4*02","IGKV3-20*01","IGKJ2*01",NA,NA,"IgA1",23,6.002258301,27,"I1","top_IgA"
"20","PSC51B",61,"CTAGCCTGTGCACCAC-1_contig_1","IGHV4-34*01","IGHJ4*02","IGKV3-20*01","IGKJ2*01",NA,NA,"IgA1",23,6.002258301,28,"I1","top_IgA"
"21","PSC51B",61,"GACGCGTGTGTATGGG-1_contig_11","IGHV4-34*01","IGHJ4*02","IGKV3-20*01","IGKJ2*01","IGLV2-11*01","IGLJ1*01","IgA1",23,6.002258301,28,"I1","top_IgA"
"22","PSC51B",61,"GAGTCCGGTCCATGAT-1_contig_1","IGHV4-34*01","IGHJ4*02","IGKV3-20*01","IGKJ2*01",NA,NA,"IgA1",23,6.001403809,27,"I1","top_IgA"
"23","PSC51B",61,"GGACAGACAATAGCGG-1_contig_8","IGHV4-34*01","IGHJ4*02","IGKV3-20*01","IGKJ2*01",NA,NA,"IgA1",23,6.002258301,27,"I1","top_IgA"
"24","PSC51B",61,"GTTCATTTCTGATTCT-1_contig_9","IGHV4-34*01","IGHJ4*02","IGKV3-20*01","IGKJ2*01",NA,NA,"IgA1",23,6.002258301,27,"I1","top_IgA"
"25","PSC51B",61,"TACTTGTCACAAGACG-1_contig_1","IGHV4-34*01","IGHJ4*02","IGKV3-20*01","IGKJ2*01",NA,NA,"IgA1",23,6.001403809,27,"I1","top_IgA"
"26","PSC51B",61,"TCCCGATCACGGACAA-1_contig_1","IGHV4-34*01","IGHJ4*02","IGKV3-20*01","IGKJ2*01",NA,NA,"IgA1",23,6.002258301,27,"I1","top_IgA"
"27","PSC51B",61,"TTCGGTCAGTACGATA-1_contig_11","IGHV4-34*01","IGHJ4*02","IGKV3-20*01","IGKJ2*01",NA,NA,"IgA1",23,6.002258301,27,"I1","top_IgA"
"28","PSC51B",61,"TTTGTCATCTCCAGGG-1_contig_2","IGHV4-34*01","IGHJ4*02","IGKV3-20*01","IGKJ2*01",NA,NA,"IgA1",23,6.001403809,28,"I1","top_IgA"
"29","PSC51B",122,"CAGTCCTAGTAGTGCG-1_contig_9","IGHV3-23*01","IGHJ4*02",NA,NA,"IGLV2-14*01","IGLJ3*02","IgG2",12,4.413391113,18,"I1","top_IgG"
"30","PSC51B",122,"CTACGTCGTCTGATCA-1_contig_1","IGHV3-23*01","IGHJ4*02",NA,NA,"IGLV2-14*01","IGLJ3*02","IgG2",12,4.413391113,20,"I1","top_IgG"
"31","PSC51B",122,"AGTAGTCGTTCAACCA-1_contig_41","IGHV3-23*01","IGHJ4*02",NA,NA,"IGLV2-14*01","IGLJ3*02","IgG3",12,4.413391113,15,"I1","top_IgG"
"32","PSC51B",122,"CAAGAAATCCTAGTGA-1_contig_27","IGHV3-23*01","IGHJ4*02",NA,NA,"IGLV2-14*01","IGLJ3*02","IgG3",12,4.413391113,20,"I1","top_IgG"
"33","PSC51B",122,"CCTTACGGTCTGATTG-1_contig_26","IGHV3-23*01","IGHJ4*02",NA,NA,"IGLV2-14*01","IGLJ3*02","IgG3",12,4.413391113,20,"I1","top_IgG"
"34","PSC51B",122,"CGCGGTACAAGTTGTC-1_contig_30","IGHV3-23*01","IGHJ4*02",NA,NA,"IGLV2-14*01","IGLJ3*02","IgG3",12,4.413391113,15,"I1","top_IgG"
"35","PSC51B",122,"GCTCTGTGTAGCCTCG-1_contig_20","IGHV3-23*01","IGHJ4*02",NA,NA,"IGLV2-14*01","IGLJ3*02","IgG3",12,4.413391113,19,"I1","top_IgG"
"36","PSC51B",122,"TACGGATAGAGTGACC-1_contig_18","IGHV3-23*01","IGHJ4*02",NA,NA,"IGLV2-14*01","IGLJ3*02","IgG3",12,4.413391113,20,"I1","top_IgG"
"37","PSC40C",191,"ACTTGTTAGCATGGCA-1_contig_2","IGHV3-7*04","IGHJ5*02","IGKV2-30*02","IGKJ1*01",NA,NA,"IgA2",11,5.212463379,27,"I2","top_IgA"
"38","PSC40C",191,"CATTATCAGTCCAGGA-1_contig_2","IGHV3-7*04","IGHJ5*02","IGKV2-30*02","IGKJ1*01",NA,NA,"IgA2",11,5.212463379,27,"I2","top_IgA"
"39","PSC40C",191,"TGCCAAAGTTAAGAAC-1_contig_2","IGHV3-7*04","IGHJ5*02","IGKV2-30*02","IGKJ1*01",NA,NA,"IgA2",11,5.212463379,27,"I2","top_IgA"
"40","PSC72B",1667,"CAGCTAAGTTGGTTTG-1_contig_3","IGHV3-7*01","IGHJ4*02",NA,NA,"IGLV2-8*01","IGLJ2*01","IgA1",11,8.796203613,13,NA,"top_IgA"
"41","PSC72B",1667,"AAATGCCGTTCAGGCC-1_contig_1","IGHV3-7*01","IGHJ4*02",NA,NA,"IGLV2-8*01","IGLJ2*01","IgA2",11,8.796203613,11,NA,"top_IgA"
"42","PSC72B",1667,"ACACCAAAGTCTCGGC-1_contig_1","IGHV3-7*01","IGHJ4*02",NA,NA,"IGLV2-8*01","IGLJ2*01","IgA2",11,8.796203613,11,NA,"top_IgA"
"43","PSC72B",1667,"ACATGGTAGAGGTAGA-1_contig_1","IGHV3-7*01","IGHJ4*02",NA,NA,"IGLV2-8*01","IGLJ2*01","IgA2",11,8.796203613,11,NA,"top_IgA"
"44","PSC72B",1667,"ACGCAGCGTAGATTAG-1_contig_14","IGHV3-7*01","IGHJ4*02",NA,NA,"IGLV2-8*01","IGLJ2*01","IgA2",11,8.796203613,13,NA,"top_IgA"
"45","PSC72B",1667,"ACGCCGATCACAAACC-1_contig_9","IGHV3-7*01","IGHJ4*02",NA,NA,"IGLV2-8*01","IGLJ2*01","IgA2",11,8.796203613,13,NA,"top_IgA"
"46","PSC72B",1667,"ACGGCCAAGACTACAA-1_contig_1","IGHV3-7*01","IGHJ4*02",NA,NA,"IGLV2-8*01","IGLJ2*01","IgA2",11,8.796203613,13,NA,"top_IgA"
"47","PSC72B",1667,"ACGGGTCAGCAAATCA-1_contig_3","IGHV3-7*01","IGHJ4*02",NA,NA,"IGLV2-8*01","IGLJ2*01","IgA2",11,8.796203613,13,NA,"top_IgA"
"48","PSC72B",1667,"ACTTACTTCAATCTCT-1_contig_12","IGHV3-7*01","IGHJ4*02",NA,NA,"IGLV2-8*01","IGLJ2*01","IgA2",11,8.796203613,13,NA,"top_IgA"
"49","PSC72B",1667,"ACTTGTTTCAGGTTCA-1_contig_5","IGHV3-7*01","IGHJ4*02",NA,NA,"IGLV2-8*01","IGLJ2*01","IgA2",11,8.796203613,13,NA,"top_IgA"
"50","PSC72B",1667,"AGCGTATTCGCAGGCT-1_contig_13","IGHV3-7*01","IGHJ4*02",NA,NA,"IGLV2-8*01","IGLJ2*01","IgA2",11,8.796203613,13,NA,"top_IgA"
"51","PSC72B",1667,"AGGGAGTAGTTGTCGT-1_contig_9","IGHV3-7*01","IGHJ4*02",NA,NA,"IGLV2-8*01","IGLJ2*01","IgA2",11,8.796203613,11,NA,"top_IgA"
"52","PSC72B",1667,"ATTACTCCACCGAAAG-1_contig_3","IGHV3-7*01","IGHJ4*02",NA,NA,"IGLV2-8*01","IGLJ2*01","IgA2",11,8.796203613,11,NA,"top_IgA"
"53","PSC72B",1667,"CAACCTCGTCATACTG-1_contig_6","IGHV3-7*01","IGHJ4*02",NA,NA,"IGLV2-8*01","IGLJ2*01","IgA2",11,8.796203613,13,NA,"top_IgA"
"54","PSC72B",1667,"CACACTCGTTTACTCT-1_contig_3","IGHV3-7*01","IGHJ4*02",NA,NA,"IGLV2-8*01","IGLJ2*01","IgA2",11,8.796203613,13,NA,"top_IgA"
"55","PSC72B",1667,"CAGCTAAAGTACGATA-1_contig_7","IGHV3-7*01","IGHJ4*02",NA,NA,"IGLV2-8*01","IGLJ2*01","IgA2",11,8.796203613,11,NA,"top_IgA"
"56","PSC72B",1667,"CAGTCCTCATCCAACA-1_contig_13","IGHV3-7*01","IGHJ4*02",NA,NA,"IGLV2-8*01","IGLJ2*01","IgA2",11,8.796203613,11,NA,"top_IgA"
"57","PSC72B",1667,"CATGGCGGTCCAAGTT-1_contig_1","IGHV3-7*01","IGHJ4*02",NA,NA,"IGLV2-8*01","IGLJ2*01","IgA2",11,8.796203613,13,NA,"top_IgA"
"58","PSC72B",1667,"CATTATCCACCAGGCT-1_contig_27","IGHV3-7*01","IGHJ4*02",NA,NA,"IGLV2-8*01","IGLJ2*01","IgA2",11,8.796203613,13,NA,"top_IgA"
"59","PSC72B",1667,"CGATTGAAGCGCCTTG-1_contig_3","IGHV3-7*01","IGHJ4*02",NA,NA,"IGLV2-8*01","IGLJ2*01","IgA2",11,8.796203613,13,NA,"top_IgA"
"60","PSC72B",1667,"CGGAGCTGTCATCGGC-1_contig_1","IGHV3-7*01","IGHJ4*02",NA,NA,"IGLV2-8*01","IGLJ2*01","IgA2",11,8.796203613,13,NA,"top_IgA"
"61","PSC72B",1667,"CGGGTCAGTCTCAACA-1_contig_6","IGHV3-7*01","IGHJ4*02",NA,NA,"IGLV2-8*01","IGLJ2*01","IgA2",11,8.796203613,11,NA,"top_IgA"
"62","PSC72B",1667,"CGTGAGCTCTGAGTGT-1_contig_1","IGHV3-7*01","IGHJ4*02",NA,NA,"IGLV2-8*01","IGLJ2*01","IgA2",11,8.796203613,11,NA,"top_IgA"
"63","PSC72B",1667,"CTAATGGAGGTAGCCA-1_contig_14","IGHV3-7*01","IGHJ4*02",NA,NA,"IGLV2-8*01","IGLJ2*01","IgA2",11,8.796203613,13,NA,"top_IgA"
"64","PSC72B",1667,"CTCAGAAAGCGTGAAC-1_contig_18","IGHV3-7*01","IGHJ4*02",NA,NA,"IGLV2-8*01","IGLJ2*01","IgA2",11,8.796203613,13,NA,"top_IgA"
"65","PSC72B",1667,"CTCCTAGGTGAGGGAG-1_contig_10","IGHV3-7*01","IGHJ4*02",NA,NA,"IGLV2-8*01","IGLJ2*01","IgA2",11,8.796203613,11,NA,"top_IgA"
"66","PSC72B",1667,"CTCGAGGCATTCTTAC-1_contig_13","IGHV3-7*01","IGHJ4*02",NA,NA,"IGLV2-8*01","IGLJ2*01","IgA2",11,8.796203613,11,NA,"top_IgA"
"67","PSC72B",1667,"CTCGTACCATGTTGAC-1_contig_14","IGHV3-7*01","IGHJ4*02",NA,NA,"IGLV2-8*01","IGLJ2*01","IgA2",11,8.796203613,11,NA,"top_IgA"
"68","PSC72B",1667,"CTGAAACGTCTGGAGA-1_contig_1","IGHV3-7*01","IGHJ4*02",NA,NA,"IGLV2-8*01","IGLJ2*01","IgA2",11,8.796203613,3,NA,"top_IgA"
"69","PSC72B",1667,"CTTAACTTCACATGCA-1_contig_5","IGHV3-7*01","IGHJ4*02",NA,NA,"IGLV2-8*01","IGLJ2*01","IgA2",11,8.796203613,13,NA,"top_IgA"
"70","PSC72B",1667,"CTTAGGACAAGTAATG-1_contig_2","IGHV3-7*01","IGHJ4*02",NA,NA,"IGLV2-8*01","IGLJ2*01","IgA2",11,8.796203613,6,NA,"top_IgA"
"71","PSC72B",1667,"CTTCTCTTCACATAGC-1_contig_7","IGHV3-7*01","IGHJ4*02",NA,NA,"IGLV2-8*01","IGLJ2*01","IgA2",11,8.796203613,11,NA,"top_IgA"
"72","PSC72B",1667,"GAATAAGTCCTGCAGG-1_contig_14","IGHV3-7*01","IGHJ4*02",NA,NA,"IGLV2-8*01","IGLJ2*01","IgA2",11,8.796203613,11,NA,"top_IgA"
"73","PSC72B",1667,"GATCGTAAGCTGAAAT-1_contig_18","IGHV3-7*01","IGHJ4*02",NA,NA,"IGLV2-8*01","IGLJ2*01","IgA2",11,8.796203613,13,NA,"top_IgA"
"74","PSC72B",1667,"GATGAAAAGAGCCTAG-1_contig_6","IGHV3-7*01","IGHJ4*02",NA,NA,"IGLV2-8*01","IGLJ2*01","IgA2",11,8.796203613,13,NA,"top_IgA"
"75","PSC72B",1667,"GATGAAACATCTCCCA-1_contig_1","IGHV3-7*01","IGHJ4*02",NA,NA,"IGLV2-8*01","IGLJ2*01","IgA2",11,8.796203613,13,NA,"top_IgA"
"76","PSC72B",1667,"GATTCAGGTGGTACAG-1_contig_5","IGHV3-7*01","IGHJ4*02",NA,NA,"IGLV2-8*01","IGLJ2*01","IgA2",11,8.796203613,13,NA,"top_IgA"
"77","PSC72B",1667,"GCACATACACACTGCG-1_contig_23","IGHV3-7*01","IGHJ4*02",NA,NA,"IGLV2-8*01","IGLJ2*01","IgA2",11,8.796203613,13,NA,"top_IgA"
"78","PSC72B",1667,"GCATGCGTCCCGGATG-1_contig_9","IGHV3-7*01","IGHJ4*02",NA,NA,"IGLV2-8*01","IGLJ2*01","IgA2",11,8.796203613,13,NA,"top_IgA"
"79","PSC72B",1667,"GCGACCATCGATCCCT-1_contig_14","IGHV3-7*01","IGHJ4*02",NA,NA,"IGLV2-8*01","IGLJ2*01","IgA2",11,8.796203613,13,NA,"top_IgA"
"80","PSC72B",1667,"GCTGCAGTCACCTTAT-1_contig_17","IGHV3-7*01","IGHJ4*02",NA,NA,"IGLV2-8*01","IGLJ2*01","IgA2",11,8.796203613,11,NA,"top_IgA"
"81","PSC72B",1667,"GCTGGGTCAGTCTTCC-1_contig_14","IGHV3-7*01","IGHJ4*02","IGKV1-39*01","IGKJ1*01","IGLV2-8*01","IGLJ2*01","IgA2",11,8.796203613,11,NA,"top_IgA"
"82","PSC72B",1667,"GGAACTTAGGGTCGAT-1_contig_15","IGHV3-7*01","IGHJ4*02",NA,NA,"IGLV2-8*01","IGLJ2*01","IgA2",11,8.796203613,13,NA,"top_IgA"
"83","PSC72B",1667,"GGCGTGTGTCTAAACC-1_contig_7","IGHV3-7*01","IGHJ4*02",NA,NA,"IGLV2-8*01","IGLJ2*01","IgA2",11,8.796203613,13,NA,"top_IgA"
"84","PSC72B",1667,"GGGAATGCATATGAGA-1_contig_1","IGHV3-7*01","IGHJ4*02",NA,NA,"IGLV2-8*01","IGLJ2*01","IgA2",11,8.796203613,13,NA,"top_IgA"
"85","PSC72B",1667,"GGGATGAAGCTCCCAG-1_contig_5","IGHV3-7*01","IGHJ4*02",NA,NA,"IGLV2-8*01","IGLJ2*01","IgA2",11,8.796203613,11,NA,"top_IgA"
"86","PSC72B",1667,"GTACTTTTCTACCAGA-1_contig_6","IGHV3-7*01","IGHJ4*02",NA,NA,"IGLV2-8*01","IGLJ2*01","IgA2",11,8.796203613,13,NA,"top_IgA"
"87","PSC72B",1667,"GTAGGCCGTGAAGGCT-1_contig_4","IGHV3-7*01","IGHJ4*02",NA,NA,"IGLV2-8*01","IGLJ2*01","IgA2",11,8.796203613,11,NA,"top_IgA"
"88","PSC72B",1667,"GTCGTAAAGCCGATTT-1_contig_1","IGHV3-7*01","IGHJ4*02",NA,NA,"IGLV2-8*01","IGLJ2*01","IgA2",11,8.796203613,13,NA,"top_IgA"
"89","PSC72B",1667,"GTTACAGCAAGGTGTG-1_contig_12","IGHV3-7*01","IGHJ4*02",NA,NA,"IGLV2-8*01","IGLJ2*01","IgA2",11,8.796203613,13,NA,"top_IgA"
"90","PSC72B",1667,"GTTCATTTCATTGCCC-1_contig_6","IGHV3-7*01","IGHJ4*02",NA,NA,"IGLV2-8*01","IGLJ2*01","IgA2",11,8.796203613,11,NA,"top_IgA"
"91","PSC72B",1667,"GTTTCTAAGAAAGTGG-1_contig_1","IGHV3-7*01","IGHJ4*02",NA,NA,"IGLV2-8*01","IGLJ2*01","IgA2",11,8.796203613,11,NA,"top_IgA"
"92","PSC72B",1667,"TAAGAGACAATTCCTT-1_contig_19","IGHV3-7*01","IGHJ4*02",NA,NA,"IGLV2-8*01","IGLJ2*01","IgA2",11,8.796203613,11,NA,"top_IgA"
"93","PSC72B",1667,"TACCTATTCAACGGGA-1_contig_18","IGHV3-7*01","IGHJ4*02",NA,NA,"IGLV2-8*01","IGLJ2*01","IgA2",11,8.796203613,11,NA,"top_IgA"
"94","PSC72B",1667,"TCACAAGCACGAGAGT-1_contig_1","IGHV3-7*01","IGHJ4*02",NA,NA,"IGLV2-8*01","IGLJ2*01","IgA2",11,8.796203613,13,NA,"top_IgA"
"95","PSC72B",1667,"TCAGGTAGTCCATGAT-1_contig_11","IGHV3-7*01","IGHJ4*02",NA,NA,"IGLV2-8*01","IGLJ2*01","IgA2",11,8.796203613,13,NA,"top_IgA"
"96","PSC72B",1667,"TCCACACAGGATGCGT-1_contig_30","IGHV3-7*01","IGHJ4*02",NA,NA,"IGLV2-8*01","IGLJ2*01","IgA2",11,8.796203613,13,NA,"top_IgA"
"97","PSC72B",1667,"TCGGTAACACCGCTAG-1_contig_22","IGHV3-7*01","IGHJ4*02",NA,NA,"IGLV2-8*01","IGLJ2*01","IgA2",11,8.796203613,11,NA,"top_IgA"
"98","PSC72B",1667,"TCGTAGACAGCTGTTA-1_contig_20","IGHV3-7*01","IGHJ4*02",NA,NA,"IGLV2-8*01","IGLJ2*01","IgA2",11,8.796203613,13,NA,"top_IgA"
"99","PSC72B",1667,"TGAGAGGCAATTCCTT-1_contig_1","IGHV3-7*01","IGHJ4*02",NA,NA,"IGLV2-8*01","IGLJ2*01","IgA2",11,8.796203613,11,NA,"top_IgA"
"100","PSC72B",1667,"TGAGCATTCTTTAGTC-1_contig_11","IGHV3-7*01","IGHJ4*02",NA,NA,"IGLV2-8*01","IGLJ2*01","IgA2",11,8.796203613,13,NA,"top_IgA"
"101","PSC72B",1667,"TGCTACCTCGGTTAAC-1_contig_10","IGHV3-7*01","IGHJ4*02",NA,NA,"IGLV2-8*01","IGLJ2*01","IgA2",11,8.796203613,11,NA,"top_IgA"
"102","PSC72B",1667,"TGCTGCTGTCCTCTTG-1_contig_50","IGHV3-7*01","IGHJ4*02",NA,NA,"IGLV2-8*01","IGLJ2*01","IgA2",11,8.796203613,13,NA,"top_IgA"
"103","PSC72B",1667,"TGGACGCCAATAACGA-1_contig_3","IGHV3-7*01","IGHJ4*02",NA,NA,"IGLV2-8*01","IGLJ2*01","IgA2",11,8.796203613,13,NA,"top_IgA"
"104","PSC72B",1667,"TGGGCGTTCCAGAAGG-1_contig_7","IGHV3-7*01","IGHJ4*02",NA,NA,"IGLV2-8*01","IGLJ2*01","IgA2",11,8.796203613,13,NA,"top_IgA"
"105","PSC72B",1667,"TGTGTTTGTGGTAACG-1_contig_23","IGHV3-7*01","IGHJ4*02","IGKV4-1*01","IGKJ2*01","IGLV2-8*01","IGLJ2*01","IgA2",11,8.796203613,11,NA,"top_IgA"
"106","PSC72B",1667,"TTAGGCATCCGATATG-1_contig_8","IGHV3-7*01","IGHJ4*02",NA,NA,"IGLV2-8*01","IGLJ2*01","IgA2",11,8.796203613,13,NA,"top_IgA"
"107","PSC72B",1667,"TTCTCCTCAGTATAAG-1_contig_3","IGHV3-7*01","IGHJ4*02",NA,NA,"IGLV2-8*01","IGLJ2*01","IgA2",11,8.796203613,13,NA,"top_IgA"
"108","PSC72B",1667,"TTGACTTCAAGCCCAC-1_contig_5","IGHV3-7*01","IGHJ4*02",NA,NA,"IGLV2-8*01","IGLJ2*01","IgA2",11,8.796203613,11,NA,"top_IgA"
"109","PSC72B",1667,"TTGCGTCTCAGTACGT-1_contig_2","IGHV3-7*01","IGHJ4*02",NA,NA,"IGLV2-8*01","IGLJ2*01","IgA2",11,8.796203613,8,NA,"top_IgA"
"110","PSC72B",1667,"TTGTAGGAGACTCGGA-1_contig_1","IGHV3-7*01","IGHJ4*02",NA,NA,"IGLV2-8*01","IGLJ2*01","IgA2",11,8.796203613,11,NA,"top_IgA"
"111","PSC72B",1667,"CTACCCAGTAGGGACT-1_contig_1","IGHV3-11*04","IGHJ4*02",NA,NA,"IGLV2-8*01","IGLJ2*01","unknown",0,0,2,NA,"top_IgA"
"112","PSC72B",1667,"TCTGAGACATACTCTT-1_contig_1","IGHV3-11*06","IGHJ4*02","IGKV3D-15*01","IGKJ1*01","IGLV2-8*01","IGLJ2*01","unknown",0,0,2,NA,"top_IgA"
"113","PSC40C",0,"AGGTCATTCGATAGAA-1_contig_2","IGHV4-39*01","IGHJ4*02",NA,NA,"IGLV2-14*01","IGLJ3*02","IgG1",19,5.030944824,37,"I2","top_IgG"
"114","PSC40C",0,"CGACTTCTCATGTAGC-1_contig_1","IGHV4-39*01","IGHJ4*02",NA,NA,"IGLV2-14*01","IGLJ3*02","IgG1",19,5.030944824,37,"I2","top_IgG"
"115","PSC40C",0,"TAAGAGATCCAGGGCT-1_contig_2","IGHV4-39*02","IGHJ4*02",NA,NA,"IGLV2-14*01","IGLJ3*02","IgG1",19,5.539733887,40,"I2","top_IgG"
"116","PSC72B",0,"AAAGTAGTCGCCTGAG-1_contig_15","IGHV3-30*04","IGHJ4*02",NA,NA,"IGLV2-14*01","IGLJ3*02","IgG1",18,10.66766357,16,NA,"top_IgG"
"117","PSC72B",0,"AAATGCCGTCCCTACT-1_contig_31","IGHV3-30*04","IGHJ4*02",NA,NA,"IGLV2-14*01","IGLJ3*02","IgG1",18,6.799621582,11,NA,"top_IgG"
"118","PSC72B",0,"AACTCTTCATCGTCGG-1_contig_4","IGHV3-30*10","IGHJ5*02",NA,NA,"IGLV2-14*01","IGLJ3*02","IgG1",18,8.790222168,28,NA,"top_IgG"
"119","PSC72B",0,"AAGTCTGCATTCTCAT-1_contig_39","IGHV3-30*04","IGHJ4*02",NA,NA,"IGLV2-14*01","IGLJ3*02","IgG1",18,10.73748779,23,NA,"top_IgG"
"120","PSC72B",0,"ACCCACTTCGGTTAAC-1_contig_35","IGHV3-30*03","IGHJ4*02",NA,NA,"IGLV2-14*01","IGLJ3*02","IgG1",18,6.004943848,22,NA,"top_IgG"
"121","PSC72B",0,"AGCATACAGAAAGTGG-1_contig_19","IGHV3-30*04","IGHJ4*02",NA,NA,"IGLV2-14*01","IGLJ3*02","IgG1",18,9.978942871,19,NA,"top_IgG"
"122","PSC72B",0,"AGCCTAAGTAGCCTAT-1_contig_21","IGHV3-30*04","IGHJ5*02",NA,NA,"IGLV2-14*01","IGLJ3*02","IgG1",18,6.00579834,24,NA,"top_IgG"
"123","PSC72B",0,"AGCGGTCAGTCCTCCT-1_contig_3","IGHV3-30*04","IGHJ5*02",NA,NA,"IGLV2-14*01","IGLJ3*02","IgG1",18,6.00579834,30,NA,"top_IgG"
"124","PSC72B",0,"AGGCCACGTTGTACAC-1_contig_33","IGHV3-30*04","IGHJ4*02",NA,NA,"IGLV2-14*01","IGLJ3*02","IgG1",18,5.29901123,29,NA,"top_IgG"
"125","PSC72B",0,"ATTGGTGGTGACTCAT-1_contig_7","IGHV3-30*03","IGHJ4*02",NA,NA,"IGLV2-14*01","IGLJ3*02","IgG1",18,6.004943848,23,NA,"top_IgG"
"126","PSC72B",0,"CACTCCACAGACGCAA-1_contig_1","IGHV3-30*03","IGHJ4*02",NA,NA,"IGLV2-14*01","IGLJ3*02","IgG1",18,6.004943848,23,NA,"top_IgG"
"127","PSC72B",0,"CAGCCGAGTTAGTGGG-1_contig_25","IGHV3-30*03","IGHJ4*02",NA,NA,"IGLV2-14*01","IGLJ3*02","IgG1",18,9.978942871,21,NA,"top_IgG"
"128","PSC72B",0,"CCGGGATCATACGCCG-1_contig_1","IGHV3-30*04","IGHJ4*02",NA,NA,"IGLV2-14*01","IGLJ3*02","IgG1",18,6.00579834,20,NA,"top_IgG"
"129","PSC72B",0,"CCGTACTCAGCGTCCA-1_contig_5","IGHV3-30*09","IGHJ4*02","IGKV3-20*01","IGKJ1*01","IGLV2-14*01","IGLJ3*02","IgG1",18,9.978942871,21,NA,"top_IgG"
"130","PSC72B",0,"CCTATTACACCCATTC-1_contig_13","IGHV3-30*04","IGHJ4*02",NA,NA,"IGLV2-14*01","IGLJ3*02","IgG1",18,9.978942871,19,NA,"top_IgG"
"131","PSC72B",0,"CGCTATCAGTAGGCCA-1_contig_11","IGHV3-30*04","IGHJ4*02",NA,NA,"IGLV2-14*01","IGLJ3*02","IgG1",18,4.429016113,10,NA,"top_IgG"
"132","PSC72B",0,"CGTAGCGTCTTAACCT-1_contig_11","IGHV3-30*04","IGHJ4*02",NA,NA,"IGLV2-14*01","IGLJ3*02","IgG1",18,4.429016113,24,NA,"top_IgG"
"133","PSC72B",0,"CTAAGACAGGGTCTCC-1_contig_28","IGHV3-30*04","IGHJ5*02",NA,NA,"IGLV2-14*01","IGLJ3*02","IgG1",18,6.00579834,26,NA,"top_IgG"
"134","PSC72B",0,"CTCGGAGAGGCGACAT-1_contig_8","IGHV3-30*04","IGHJ4*02",NA,NA,"IGLV2-14*01","IGLJ3*02","IgG1",18,10.73748779,22,NA,"top_IgG"
"135","PSC72B",0,"CTGAAGTTCTGGTATG-1_contig_24","IGHV3-30*04","IGHJ4*02",NA,NA,"IGLV2-14*01","IGLJ3*02","IgG1",18,8.631530762,13,NA,"top_IgG"
"136","PSC72B",0,"CTGTTTAGTGTTAAGA-1_contig_20","IGHV3-30*04","IGHJ4*02","IGKV3-11*01","IGKJ4*01","IGLV2-14*01","IGLJ3*02","IgG1",18,9.492126465,18,NA,"top_IgG"
"137","PSC72B",0,"GATCTAGAGCCACCTG-1_contig_1","IGHV3-30*04","IGHJ5*02",NA,NA,"IGLV2-14*01","IGLJ3*02","IgG1",18,6.085144043,18,NA,"top_IgG"
"138","PSC72B",0,"GATCTAGTCAATCACG-1_contig_1","IGHV3-30*04","IGHJ5*02",NA,NA,"IGLV2-14*01","IGLJ3*02","IgG1",18,6.00579834,27,NA,"top_IgG"
"139","PSC72B",0,"GATGAGGGTGTGCCTG-1_contig_1","IGHV3-30*04","IGHJ4*02",NA,NA,"IGLV2-14*01","IGLJ3*02","IgG1",18,9.492126465,18,NA,"top_IgG"
"140","PSC72B",0,"GCGCAACCATGGTTGT-1_contig_10","IGHV3-30*03","IGHJ4*02",NA,NA,"IGLV2-14*01","IGLJ3*02","IgG1",18,6.004943848,25,NA,"top_IgG"
"141","PSC72B",0,"GCTCCTACATACTACG-1_contig_3","IGHV3-30*04","IGHJ4*02",NA,NA,"IGLV2-14*01","IGLJ3*02","IgG1",18,5.29901123,27,NA,"top_IgG"
"142","PSC72B",0,"GCTCTGTGTTCGAATC-1_contig_17","IGHV3-30*04","IGHJ5*02",NA,NA,"IGLV2-14*01","IGLJ3*02","IgG1",18,9.554992676,35,NA,"top_IgG"
"143","PSC72B",0,"GCTCTGTTCAGCATGT-1_contig_3","IGHV3-30*04","IGHJ4*02",NA,NA,"IGLV2-14*01","IGLJ3*02","IgG1",18,9.978942871,25,NA,"top_IgG"
"144","PSC72B",0,"GCTGGGTGTTCGGGCT-1_contig_25","IGHV3-30*04","IGHJ5*02",NA,NA,"IGLV2-14*01","IGLJ3*02","IgG1",18,9.554992676,35,NA,"top_IgG"
"145","PSC72B",0,"GGCGTGTCACTTAACG-1_contig_15","IGHV3-30*04","IGHJ4*02",NA,NA,"IGLV2-14*01","IGLJ3*02","IgG1",18,8.294250488,22,NA,"top_IgG"
"146","PSC72B",0,"TACCTATGTAACGCGA-1_contig_4","IGHV3-30*04","IGHJ4*02",NA,NA,"IGLV2-14*01","IGLJ3*02","IgG1",18,10.73712158,30,NA,"top_IgG"
"147","PSC72B",0,"TCACAAGCAATAGAGT-1_contig_53","IGHV3-30*04","IGHJ4*02",NA,NA,"IGLV2-14*01","IGLJ3*02","IgG1",18,8.788269043,19,NA,"top_IgG"
"148","PSC72B",0,"TCAGGTAGTAGCGTAG-1_contig_3","IGHV3-30*04","IGHJ4*02",NA,NA,"IGLV2-14*01","IGLJ3*02","IgG1",18,6.004943848,30,NA,"top_IgG"
"149","PSC72B",0,"TCCCGATAGGACAGAA-1_contig_18","IGHV3-30*04","IGHJ4*02",NA,NA,"IGLV2-14*01","IGLJ3*02","IgG1",18,9.978942871,23,NA,"top_IgG"
"150","PSC72B",0,"TCGCGAGCACGAAATA-1_contig_1","IGHV3-30*04","IGHJ4*02",NA,NA,"IGLV2-14*01","IGLJ3*02","IgG1",18,6.004943848,24,NA,"top_IgG"
"151","PSC72B",0,"TCTGGAACAGTTCCCT-1_contig_1","IGHV3-30*04","IGHJ4*02",NA,NA,"IGLV2-14*01","IGLJ3*02","IgG1",18,8.787902832,21,NA,"top_IgG"
"152","PSC72B",0,"TGGCGCAAGTGCCATT-1_contig_6","IGHV3-30*04","IGHJ4*02",NA,NA,"IGLV2-14*01","IGLJ3*02","IgG1",18,10.73748779,22,NA,"top_IgG"
"153","PSC72B",0,"TGGGAAGCATCAGTCA-1_contig_28","IGHV3-30*04","IGHJ4*02",NA,NA,"IGLV2-14*01","IGLJ3*02","IgG1",18,9.978942871,22,NA,"top_IgG"
"154","PSC72B",0,"TGGTTAGCATCCGGGT-1_contig_12","IGHV3-30*04","IGHJ4*02",NA,NA,"IGLV2-14*01","IGLJ3*02","IgG1",18,8.787902832,18,NA,"top_IgG"
"155","PSC72B",0,"TGTGGTAGTCATGCCG-1_contig_1","IGHV3-30*04","IGHJ4*02",NA,NA,"IGLV2-14*01","IGLJ3*02","IgG1",18,5.29901123,27,NA,"top_IgG"
"156","PSC72B",0,"TGTGGTAGTCGCTTTC-1_contig_3","IGHV3-30*04","IGHJ4*02",NA,NA,"IGLV2-14*01","IGLJ3*02","IgG1",18,6.00579834,25,NA,"top_IgG"
"157","PSC72B",0,"TTGGCAAAGAGCTGGT-1_contig_29","IGHV3-30*04","IGHJ4*02",NA,NA,"IGLV2-14*01","IGLJ3*02","IgG1",18,9.978942871,20,NA,"top_IgG"
"158","PSC72B",0,"CGACCTTCAAGCTGGA-1_contig_15","IGHV3-30*04","IGHJ4*02",NA,NA,"IGLV2-14*01","IGLJ3*02","Ab-vector",18,9.986877441,28,NA,"top_IgG"
"159","PSC72B",0,"TAGGCATAGTCATCCA-1_contig_11","IGHV3-30*04","IGHJ4*02",NA,NA,"IGLV2-14*01","IGLJ3*02","Ab-vector",18,9.986877441,25,NA,"top_IgG"
"160","PSC50B",83,"CTAACTTGTCAGTGGA-1_contig_1","IGHV1-69*01","IGHJ4*02",NA,NA,"IGLV3-21*03","IGLJ3*02","IgA1",12,5.881164551,30,"I2","top_IgA"
"161","PSC50B",83,"TGCCCTATCAATCTCT-1_contig_3","IGHV1-69*01","IGHJ4*02",NA,NA,"IGLV3-21*03","IGLJ3*02","IgA1",12,5.881164551,30,"I2","top_IgA"
"162","PSC50B",83,"ACATACGCATTCTCAT-1_contig_3","IGHV1-69*01","IGHJ4*02",NA,NA,"IGLV3-21*03","IGLJ3*02","IgA2",12,4.207946777,36,"I2","top_IgA"
"163","PSC50B",83,"AGAGCTTGTTAAGATG-1_contig_1","IGHV1-69*01","IGHJ4*02",NA,NA,"IGLV3-21*03","IGLJ3*02","IgA2",12,4.207946777,31,"I2","top_IgA"
"164","PSC50B",83,"ATCTACTAGGACAGCT-1_contig_1","IGHV1-69*01","IGHJ4*02",NA,NA,"IGLV3-21*03","IGLJ3*02","IgA2",12,5.880310059,35,"I2","top_IgA"
"165","PSC50B",83,"ATTCTACCACCACGTG-1_contig_1","IGHV1-69*01","IGHJ4*02",NA,NA,"IGLV3-21*03","IGLJ3*02","IgA2",12,4.207946777,39,"I2","top_IgA"
"166","PSC50B",83,"CAACCTCTCACTGGGC-1_contig_1","IGHV1-69*01","IGHJ5*02",NA,NA,"IGLV3-21*03","IGLJ3*02","IgA2",12,3.563659668,35,"I2","top_IgA"
"167","PSC50B",83,"CCGTTCAGTATAGGGC-1_contig_1","IGHV1-69*01","IGHJ4*02",NA,NA,"IGLV3-21*03","IGLJ3*02","IgA2",12,4.207946777,38,"I2","top_IgA"
"168","PSC50B",83,"CCTCAGTAGAAACGAG-1_contig_5","IGHV1-69*01","IGHJ4*02",NA,NA,"IGLV3-21*03","IGLJ3*02","IgA2",12,5.881164551,31,"I2","top_IgA"
"169","PSC50B",83,"CGTGTCTTCCAAGCCG-1_contig_5","IGHV1-69*01","IGHJ4*02",NA,NA,"IGLV3-21*02","IGLJ3*02","IgA2",12,4.207946777,39,"I2","top_IgA"
"170","PSC50B",83,"GCGCAGTGTCCCGACA-1_contig_1","IGHV1-69*01","IGHJ5*02",NA,NA,"IGLV3-21*03","IGLJ3*02","IgA2",12,4.207946777,35,"I2","top_IgA"
"171","PSC50B",83,"GGACGTCGTTGGTTTG-1_contig_1","IGHV1-69*01","IGHJ4*02",NA,NA,"IGLV3-21*03","IGLJ3*02","IgA2",12,4.207946777,35,"I2","top_IgA"
"172","PSC50B",83,"GGTATTGCAGGCAGTA-1_contig_1","IGHV1-69*01","IGHJ4*02",NA,NA,"IGLV3-21*03","IGLJ3*02","IgA2",12,4.207946777,36,"I2","top_IgA"
"173","PSC50B",83,"GTGAAGGAGAGACGAA-1_contig_1","IGHV1-69*01","IGHJ4*02",NA,NA,"IGLV3-21*03","IGLJ3*02","IgA2",12,4.207946777,35,"I2","top_IgA"
"174","PSC50B",83,"TACTCGCCAGATAATG-1_contig_5","IGHV1-69*01","IGHJ4*02",NA,NA,"IGLV3-21*03","IGLJ3*02","IgA2",12,4.207946777,35,"I2","top_IgA"
"175","PSC50B",83,"TGTGGTATCAAACCGT-1_contig_1","IGHV1-69*01","IGHJ4*02",NA,NA,"IGLV3-21*03","IGLJ3*02","IgA2",12,4.207946777,39,"I2","top_IgA"
"176","PSC50B",83,"CTCTACGGTATCAGTC-1_contig_5","IGHV1-69*01","IGHJ4*02",NA,NA,"IGLV3-21*03","IGLJ3*02","IgG1",12,5.881164551,35,"I2","top_IgA"
"177","PSC50B",83,"TACAGTGTCACATACG-1_contig_2","IGHV1-69*01","IGHJ5*02",NA,NA,"IGLV3-21*02","IGLJ3*02","IgG1",12,6.78338623,55,"I2","top_IgA"
"178","PSC50B",83,"TACTCGCTCATGTGGT-1_contig_2","IGHV1-69*01","IGHJ4*02",NA,NA,"IGLV3-21*02","IGLJ3*02","IgG1",12,5.212341309,53,"I2","top_IgA"
"179","PSC50B",83,"ACAGCTACAGCCTTTC-1_contig_4","IGHV1-69*01","IGHJ4*02",NA,NA,"IGLV3-21*02","IGLJ3*02","Ab-vector",12,5.880310059,51,"I2","top_IgA"
"180","PSC50B",83,"GGAATAACATTACGAC-1_contig_6","IGHV1-69*01","IGHJ4*02",NA,NA,"IGLV3-21*02","IGLJ3*02","Ab-vector",12,6.788269043,52,"I2","top_IgA"
"181","PSC50B",0,"AAACGGGCAGAAGCAC-1_contig_1","IGHV3-48*04","IGHJ4*02",NA,NA,"IGLV1-44*01","IGLJ2*01","IgG1",16,6.004089355,13,"I2","top_IgG"
"182","PSC50B",0,"AAGGAGCTCGCGTTTC-1_contig_13","IGHV3-48*04","IGHJ5*02",NA,NA,"IGLV1-44*01","IGLJ2*01","IgG1",16,4.207946777,19,"I2","top_IgG"
"183","PSC50B",0,"AAGGCAGAGACTCGGA-1_contig_12","IGHV3-48*04","IGHJ5*02",NA,NA,"IGLV1-44*01","IGLJ2*01","IgG1",16,6.719055176,17,"I2","top_IgG"
"184","PSC50B",0,"AGCGTCGGTGATAAAC-1_contig_6","IGHV3-48*04","IGHJ4*02",NA,NA,"IGLV1-44*01","IGLJ2*01","IgG1",16,4.370300293,20,"I2","top_IgG"
"185","PSC50B",0,"AGGCCACCAATCTGCA-1_contig_14","IGHV3-48*04","IGHJ5*01",NA,NA,"IGLV1-44*01","IGLJ2*01","IgG1",16,4.370300293,14,"I2","top_IgG"
"186","PSC50B",0,"AGGGATGGTAAAGGAG-1_contig_19","IGHV3-48*04","IGHJ4*02",NA,NA,"IGLV1-44*01","IGLJ2*01","IgG1",16,8.632629395,14,"I2","top_IgG"
"187","PSC50B",0,"ATCGAGTCAGCGAACA-1_contig_1","IGHV3-48*04","IGHJ4*02",NA,NA,"IGLV1-44*01","IGLJ2*01","Ab-vector",16,4.370178223,24,"I2","top_IgG"
"188","PSC50B",0,"ATGGGAGCAGGTGGAT-1_contig_12","IGHV3-48*04","IGHJ4*02",NA,NA,"IGLV1-44*01","IGLJ2*01","IgG1",16,6.114196777,24,"I2","top_IgG"
"189","PSC50B",0,"ATTACTCGTATATGAG-1_contig_1","IGHV3-48*04","IGHJ5*01",NA,NA,"IGLV1-44*01","IGLJ2*01","IgG1",16,4.207946777,21,"I2","top_IgG"
"190","PSC50B",0,"CACACTCCACGAAAGC-1_contig_8","IGHV3-48*01","IGHJ4*02",NA,NA,"IGLV1-44*01","IGLJ2*01","IgG1",16,4.207946777,30,"I2","top_IgG"
"191","PSC50B",0,"CACATAGTCTCGAGTA-1_contig_15","IGHV3-48*04","IGHJ4*02",NA,NA,"IGLV1-44*01","IGLJ2*01","IgG1",16,5.930236816,28,"I2","top_IgG"
"192","PSC50B",0,"CACCACTTCAGCCTAA-1_contig_17","IGHV3-48*04","IGHJ4*02",NA,NA,"IGLV1-44*01","IGLJ2*01","IgG1",16,8.240661621,15,"I2","top_IgG"
"193","PSC50B",0,"CAGCCGACATGCCTTC-1_contig_11","IGHV3-48*04","IGHJ4*02",NA,NA,"IGLV1-44*01","IGLJ2*01","IgG1",16,7.86517334,18,"I2","top_IgG"
"194","PSC50B",0,"CAGCGACAGGCCCTCA-1_contig_1","IGHV3-48*04","IGHJ4*02",NA,NA,"IGLV1-44*01","IGLJ2*01","IgG1",16,6.113220215,20,"I2","top_IgG"
"195","PSC50B",0,"CAGCGACCAGTTAACC-1_contig_18","IGHV3-48*04","IGHJ5*02",NA,NA,"IGLV1-44*01","IGLJ2*01","IgG1",16,4.207946777,30,"I2","top_IgG"
"196","PSC50B",0,"CATGGCGGTCCCTACT-1_contig_4","IGHV3-48*04","IGHJ4*02",NA,NA,"IGLV1-44*01","IGLJ2*01","IgG1",16,6.004089355,26,"I2","top_IgG"
"197","PSC50B",0,"CATTCGCGTCTCACCT-1_contig_3","IGHV3-48*04","IGHJ5*01",NA,NA,"IGLV1-44*01","IGLJ2*01","IgG1",16,6.004943848,18,"I2","top_IgG"
"198","PSC50B",0,"CGACCTTAGTGTCTCA-1_contig_6","IGHV3-48*04","IGHJ4*02",NA,NA,"IGLV1-44*01","IGLJ2*01","IgG1",16,5.995422363,17,"I2","top_IgG"
"199","PSC50B",0,"CGCTTCATCATCACCC-1_contig_13","IGHV3-48*04","IGHJ4*02",NA,NA,"IGLV1-44*01","IGLJ2*01","IgG1",16,4.370300293,15,"I2","top_IgG"
"200","PSC50B",0,"CGGAGCTCACAAGTAA-1_contig_14","IGHV3-48*04","IGHJ4*02",NA,NA,"IGLV1-44*01","IGLJ2*01","IgG1",16,8.240661621,10,"I2","top_IgG"
"201","PSC50B",0,"CTACACCGTCATTAGC-1_contig_14","IGHV3-48*04","IGHJ5*01",NA,NA,"IGLV1-44*01","IGLJ2*01","IgG1",16,4.207946777,23,"I2","top_IgG"
"202","PSC50B",0,"CTCGTACCAAGCGATG-1_contig_13","IGHV3-48*04","IGHJ5*02",NA,NA,"IGLV1-44*01","IGLJ2*01","IgG1",16,6.788269043,17,"I2","top_IgG"
"203","PSC50B",0,"CTGAAACTCCTATGTT-1_contig_14","IGHV3-48*04","IGHJ4*02",NA,NA,"IGLV1-44*01","IGLJ2*01","IgG1",16,5.996276855,18,"I2","top_IgG"
"204","PSC50B",0,"CTGAAGTTCCTTGGTC-1_contig_20","IGHV3-48*04","IGHJ4*02",NA,NA,"IGLV1-44*01","IGLJ2*01","IgG1",16,6.113220215,23,"I2","top_IgG"
"205","PSC50B",0,"CTGCGGAAGCCTATGT-1_contig_1","IGHV3-48*04","IGHJ4*02",NA,NA,"IGLV1-44*01","IGLJ2*01","IgG1",16,4.535705566,20,"I2","top_IgG"
"206","PSC50B",0,"GAACATCCAATTGCTG-1_contig_1","IGHV3-48*04","IGHJ5*02",NA,NA,"IGLV1-44*01","IGLJ2*01","IgG1",16,6.791564941,16,"I2","top_IgG"
"207","PSC50B",0,"GAATAAGTCACCATAG-1_contig_1","IGHV3-48*04","IGHJ4*02",NA,NA,"IGLV1-44*01","IGLJ2*01","IgG1",16,6.113220215,20,"I2","top_IgG"
"208","PSC50B",0,"GAATGAATCAAACAAG-1_contig_1","IGHV3-48*04","IGHJ4*02",NA,NA,"IGLV1-44*01","IGLJ2*01","IgG1",16,5.971008301,16,"I2","top_IgG"
"209","PSC50B",0,"GACGGCTCATCTCCCA-1_contig_1","IGHV3-48*04","IGHJ4*02",NA,NA,"IGLV1-44*01","IGLJ2*01","IgG1",16,5.996276855,21,"I2","top_IgG"
"210","PSC50B",0,"GATGAGGAGCTGCCCA-1_contig_6","IGHV3-48*04","IGHJ4*02",NA,NA,"IGLV1-44*01","IGLJ2*01","IgG1",16,6.105407715,22,"I2","top_IgG"
"211","PSC50B",0,"GCACATAGTTGCTCCT-1_contig_17","IGHV3-48*03","IGHJ4*02",NA,NA,"IGLV1-44*01","IGLJ2*01","IgG1",16,4.207946777,24,"I2","top_IgG"
"212","PSC50B",0,"GCGCAGTAGCAGGCTA-1_contig_13","IGHV3-48*04","IGHJ4*02",NA,NA,"IGLV1-44*01","IGLJ2*01","IgG1",16,4.207824707,19,"I2","top_IgG"
"213","PSC50B",0,"GCGGGTTGTCCAACTA-1_contig_10","IGHV3-48*04","IGHJ5*01",NA,NA,"IGLV1-44*01","IGLJ2*01","IgG1",16,4.207946777,19,"I2","top_IgG"
"214","PSC50B",0,"GCTGCTTGTCTTTCAT-1_contig_16","IGHV3-48*04","IGHJ4*02",NA,NA,"IGLV1-44*01","IGLJ2*01","IgG1",16,6.004943848,19,"I2","top_IgG"
"215","PSC50B",0,"GCTGGGTCAGACGCCT-1_contig_17","IGHV3-48*04","IGHJ4*02",NA,NA,"IGLV1-44*01","IGLJ2*01","IgG1",16,4.370300293,17,"I2","top_IgG"
"216","PSC50B",0,"GGCCGATCAGACGCTC-1_contig_20","IGHV3-48*04","IGHJ4*02",NA,NA,"IGLV1-44*01","IGLJ2*01","IgG1",16,4.207946777,18,"I2","top_IgG"
"217","PSC50B",0,"GGCGACTCAAACGTGG-1_contig_10","IGHV3-48*04","IGHJ4*02",NA,NA,"IGLV1-44*01","IGLJ2*01","IgG1",16,4.535705566,17,"I2","top_IgG"
"218","PSC50B",0,"GGGATGAGTCACCTAA-1_contig_1","IGHV3-48*04","IGHJ4*02",NA,NA,"IGLV1-44*01","IGLJ2*01","IgG1",16,6.113220215,18,"I2","top_IgG"
"219","PSC50B",0,"GGGATGATCACCTCGT-1_contig_1","IGHV3-48*04","IGHJ4*02",NA,NA,"IGLV1-44*01","IGLJ2*01","IgG1",16,6.113220215,20,"I2","top_IgG"
"220","PSC50B",0,"GGGTCTGTCTCTGCTG-1_contig_21","IGHV3-48*04","IGHJ4*02",NA,NA,"IGLV1-44*01","IGLJ2*01","IgG1",16,4.370300293,20,"I2","top_IgG"
"221","PSC50B",0,"GTAACGTGTATAAACG-1_contig_19","IGHV3-48*04","IGHJ4*02",NA,NA,"IGLV1-44*01","IGLJ2*01","IgG1",16,4.207824707,17,"I2","top_IgG"
"222","PSC50B",0,"GTAACTGAGTGCGATG-1_contig_1","IGHV3-48*04","IGHJ4*02","IGKV1-5*03","IGKJ1*01","IGLV1-44*01","IGLJ2*01","IgG1",16,5.996276855,21,"I2","top_IgG"
"223","PSC50B",0,"GTACTTTGTGCTTCTC-1_contig_14","IGHV3-48*04","IGHJ5*02",NA,NA,"IGLV1-44*01","IGLJ2*01","IgG1",16,6.779602051,21,"I2","top_IgG"
"224","PSC50B",0,"GTCGGGTGTTAAGTAG-1_contig_10","IGHV3-48*04","IGHJ4*02",NA,NA,"IGLV1-44*01","IGLJ2*01","IgG1",16,4.370300293,19,"I2","top_IgG"
"225","PSC50B",0,"GTCTTCGGTCTGCCAG-1_contig_11","IGHV3-48*04","IGHJ4*02",NA,NA,"IGLV1-44*01","IGLJ2*01","IgG1",16,4.207946777,13,"I2","top_IgG"
"226","PSC50B",0,"GTCTTCGTCAATACCG-1_contig_13","IGHV3-48*04","IGHJ4*02",NA,NA,"IGLV1-44*01","IGLJ2*01","IgG1",16,5.995422363,19,"I2","top_IgG"
"227","PSC50B",0,"GTGTTAGCATGTAAGA-1_contig_11","IGHV3-48*04","IGHJ4*02",NA,NA,"IGLV1-44*01","IGLJ2*01","IgG1",16,4.370300293,14,"I2","top_IgG"
"228","PSC50B",0,"GTTACAGGTCTGGAGA-1_contig_14","IGHV3-48*04","IGHJ4*02",NA,NA,"IGLV1-44*01","IGLJ2*01","IgG1",16,6.113220215,20,"I2","top_IgG"
"229","PSC50B",0,"GTTCGGGTCGGTTCGG-1_contig_14","IGHV3-48*04","IGHJ5*01",NA,NA,"IGLV1-44*01","IGLJ2*01","IgG1",16,4.207946777,11,"I2","top_IgG"
"230","PSC50B",0,"GTTTCTAGTCACTGGC-1_contig_20","IGHV3-48*04","IGHJ4*02",NA,NA,"IGLV1-44*01","IGLJ2*01","IgG1",16,4.370300293,18,"I2","top_IgG"
"231","PSC50B",0,"TAAACCGAGAGTAAGG-1_contig_11","IGHV3-48*04","IGHJ4*02",NA,NA,"IGLV1-44*01","IGLJ2*01","IgG1",16,6.004089355,18,"I2","top_IgG"
"232","PSC50B",0,"TAAACCGAGCGTCAAG-1_contig_9","IGHV3-48*04","IGHJ5*01",NA,NA,"IGLV1-44*01","IGLJ2*01","IgG1",16,5.804626465,21,"I2","top_IgG"
"233","PSC50B",0,"TAAGAGAGTGTTTGGT-1_contig_17","IGHV3-48*04","IGHJ4*02",NA,NA,"IGLV1-44*01","IGLJ2*01","IgG1",16,4.207824707,19,"I2","top_IgG"
"234","PSC50B",0,"TAAGTGCGTATAAACG-1_contig_6","IGHV3-48*04","IGHJ4*02",NA,NA,"IGLV1-44*01","IGLJ2*01","IgG3",16,8.632629395,36,"I2","top_IgG"
"235","PSC50B",0,"TACACGACAAGCCCAC-1_contig_15","IGHV3-48*03","IGHJ4*02",NA,NA,"IGLV1-44*01","IGLJ2*01","IgG1",16,6.105407715,22,"I2","top_IgG"
"236","PSC50B",0,"TACCTTAGTCAGCTAT-1_contig_1","IGHV3-48*04","IGHJ4*02",NA,NA,"IGLV1-44*01","IGLJ2*01","IgG1",16,5.879455566,28,"I2","top_IgG"
"237","PSC50B",0,"TCACAAGGTTGATTGC-1_contig_12","IGHV3-48*04","IGHJ4*02",NA,NA,"IGLV1-44*01","IGLJ2*01","IgG1",16,6.105407715,22,"I2","top_IgG"
"238","PSC50B",0,"TCAGATGCACATGGGA-1_contig_1","IGHV3-48*04","IGHJ5*02",NA,NA,"IGLV1-44*01","IGLJ2*01","IgG1",16,4.370178223,24,"I2","top_IgG"
"239","PSC50B",0,"TCAGCTCGTGAGTATA-1_contig_16","IGHV3-48*04","IGHJ4*02",NA,NA,"IGLV1-44*01","IGLJ2*01","IgG1",16,6.004943848,23,"I2","top_IgG"
"240","PSC50B",0,"TGACAACAGTACGCGA-1_contig_13","IGHV3-48*04","IGHJ4*02",NA,NA,"IGLV1-44*01","IGLJ2*01","IgG1",16,6.004089355,20,"I2","top_IgG"
"241","PSC50B",0,"TGACGGCAGTGACTCT-1_contig_1","IGHV3-48*04","IGHJ5*02",NA,NA,"IGLV1-44*01","IGLJ2*01","IgG1",16,5.212341309,17,"I2","top_IgG"
"242","PSC50B",0,"TGAGAGGCAGCCTTGG-1_contig_14","IGHV3-48*04","IGHJ4*02",NA,NA,"IGLV1-44*01","IGLJ2*01","IgG3",16,8.632629395,33,"I2","top_IgG"
"243","PSC50B",0,"TGCCCATCATTGGCGC-1_contig_15","IGHV3-48*04","IGHJ4*02",NA,NA,"IGLV1-44*01","IGLJ2*01","IgG1",16,4.370300293,15,"I2","top_IgG"
"244","PSC50B",0,"TGGCCAGGTCGTTGTA-1_contig_13","IGHV3-48*04","IGHJ4*02",NA,NA,"IGLV1-44*01","IGLJ2*01","Ab-vector",16,5.996276855,15,"I2","top_IgG"
"245","PSC50B",0,"TTCGAAGGTGATGTGG-1_contig_1","IGHV3-48*04","IGHJ4*02",NA,NA,"IGLV1-44*01","IGLJ2*01","IgG1",16,5.32220459,18,"I2","top_IgG"
"246","PSC50B",0,"TTGCGTCCAATGTAAG-1_contig_7","IGHV3-48*04","IGHJ4*02",NA,NA,"IGLV1-44*01","IGLJ2*01","IgG1",16,6.113220215,21,"I2","top_IgG"
"247","PSC50B",0,"TTGCGTCGTAGAGCTG-1_contig_1","IGHV3-48*04","IGHJ4*02",NA,NA,"IGLV1-44*01","IGLJ2*01","IgG1",16,4.207824707,22,"I2","top_IgG"
"248","PSC15E",0,"AACTGGTAGAGGTTAT-1_contig_9","IGHV3-48*03","IGHJ3*02",NA,NA,"IGLV2-8*01","IGLJ1*01","IgA1",14,4.558288574,35,"U1","top_IgA"
"249","PSC15E",0,"AGAGCTTAGAAGATTC-1_contig_12","IGHV3-48*03","IGHJ3*02",NA,NA,"IGLV2-8*01","IGLJ1*01","IgA2",14,4.558288574,39,"U1","top_IgA"
"250","PSC15E",0,"AGCATACTCTTTAGGG-1_contig_17","IGHV3-48*03","IGHJ3*02",NA,NA,"IGLV2-8*01","IGLJ1*01","IgA2",14,4.558288574,35,"U1","top_IgA"
"251","PSC15E",0,"CAAGGCCTCTGGTTCC-1_contig_9","IGHV3-48*03","IGHJ3*01",NA,NA,"IGLV2-8*01","IGLJ1*01","IgA1",14,4.558288574,58,"U1","top_IgA"
"252","PSC15E",0,"CATCAGATCGAATCCA-1_contig_1","IGHV3-48*03","IGHJ3*01",NA,NA,"IGLV2-8*01","IGLJ1*01","IgA1",14,4.555480957,44,"U1","top_IgA"
"253","PSC15E",0,"CATGGCGCACGGTGTC-1_contig_4","IGHV3-48*03","IGHJ3*01",NA,NA,"IGLV2-8*01","IGLJ1*01","IgA1",14,5.842956543,17,"U1","top_IgA"
"254","PSC15E",0,"CCGGGATGTCCAGTAT-1_contig_13","IGHV3-48*03","IGHJ3*02",NA,NA,"IGLV2-8*01","IGLJ1*01","IgA2",14,4.556213379,18,"U1","top_IgA"
"255","PSC15E",0,"CTACCCATCAGTCCCT-1_contig_10","IGHV3-48*03","IGHJ3*02","IGKV3-11*01","IGKJ1*01","IGLV2-8*01","IGLJ1*01","IgA1",14,6.15826416,38,"U1","top_IgA"
"256","PSC15E",0,"CTCGAGGTCCCGACTT-1_contig_9","IGHV3-48*03","IGHJ3*02",NA,NA,"IGLV2-8*01","IGLJ1*01","IgA2",14,4.558288574,39,"U1","top_IgA"
"257","PSC15E",0,"GATCGCGCATGTAGTC-1_contig_1","IGHV3-48*03","IGHJ3*01",NA,NA,"IGLV2-8*01","IGLJ1*01","IgA1",14,4.558288574,57,"U1","top_IgA"
"258","PSC15E",0,"GTAACTGAGTTAAGTG-1_contig_12","IGHV3-48*03","IGHJ3*02",NA,NA,"IGLV2-8*01","IGLJ1*01","IgA2",14,4.558288574,39,"U1","top_IgA"
"259","PSC15E",0,"GTCGGGTTCAGAAATG-1_contig_11","IGHV3-48*03","IGHJ3*01",NA,NA,"IGLV2-8*01","IGLJ1*01","IgA1",14,5.842956543,17,"U1","top_IgA"
"260","PSC15E",0,"GTCTCGTGTTTGGGCC-1_contig_15","IGHV3-48*03","IGHJ3*02",NA,NA,"IGLV2-8*01","IGLJ1*01","IgA2",14,4.558288574,39,"U1","top_IgA"
"261","PSC15E",0,"GTTCATTCAGACGCTC-1_contig_6","IGHV3-48*03","IGHJ3*01",NA,NA,"IGLV2-8*01","IGLJ1*01","IgA1",14,4.558288574,53,"U1","top_IgA"
"262","PSC15E",0,"TAAGAGACACATCCGG-1_contig_10","IGHV3-48*03","IGHJ3*01",NA,NA,"IGLV2-8*01","IGLJ1*01","IgA1",14,4.558288574,55,"U1","top_IgA"
"263","PSC15E",0,"TGACTTTAGACGCTTT-1_contig_1","IGHV3-48*03","IGHJ3*01",NA,NA,"IGLV2-8*01","IGLJ1*01","IgA1",14,4.558288574,57,"U1","top_IgA"
"264","PSC15E",0,"TGAGGGACATGGGAAC-1_contig_1","IGHV3-48*03","IGHJ3*01",NA,NA,"IGLV2-8*01","IGLJ1*01","IgA1",14,4.558288574,57,"U1","top_IgA"
"265","PSC15E",0,"TGCTACCAGAAGATTC-1_contig_1","IGHV3-48*03","IGHJ3*02",NA,NA,"IGLV2-8*01","IGLJ1*01","IgA1",14,4.558288574,35,"U1","top_IgA"
"266","PSC15E",0,"TGGCGCAAGGAGCGAG-1_contig_11","IGHV3-48*03","IGHJ3*02",NA,NA,"IGLV2-8*01","IGLJ1*01","IgA2",14,4.558288574,39,"U1","top_IgA"
"267","PSC15E",0,"TTCGGTCCACATGACT-1_contig_11","IGHV3-48*03","IGHJ3*01",NA,NA,"IGLV2-8*01","IGLJ1*01","IgA2",14,6.11505127,30,"U1","top_IgA"
"268","PSC15E",4,"ACCGTAATCTCTAAGG-1_contig_2","IGHV2-5*02","IGHJ4*02",NA,NA,"IGLV1-51*02","IGLJ1*01","IgG1",24,4.535461426,19,"U1","top_IgG"
"269","PSC15E",4,"CAGATCACATTTGCCC-1_contig_2","IGHV2-5*02","IGHJ4*02",NA,NA,"IGLV1-51*02","IGLJ1*01","IgG1",24,4.535461426,16,"U1","top_IgG"
"270","PSC15E",4,"CTGGTCTCATCACGAT-1_contig_2","IGHV2-5*02","IGHJ4*02",NA,NA,"IGLV1-51*02","IGLJ1*01","IgG1",24,4.535461426,14,"U1","top_IgG"
"271","PSC70D",0,"CTAGTGATCCGTAGGC-1_contig_2","IGHV3-48*03","IGHJ4*02","IGKV1-39*01","IGKJ1*01",NA,NA,"IgA",11,8.790222168,14,"I2","top_IgA"
"272","PSC70D",0,"TACCTATGTCTGCAAT-1_contig_2","IGHV3-48*03","IGHJ4*02","IGKV1-39*01","IGKJ1*01",NA,NA,"IgA",11,9.697570801,18,"I2","top_IgA"
"273","PSC70D",0,"TCAGGATCAAGGACTG-1_contig_2","IGHV3-48*03","IGHJ4*02","IGKV1-39*01","IGKJ1*01",NA,NA,"IgA",11,9.986755371,15,"I2","top_IgA"
"274","PSC70D",0,"TGTTCCGTCGCCCTTA-1_contig_1","IGHV3-48*03","IGHJ4*02","IGKV1-39*01","IGKJ1*01",NA,NA,"IgA",11,8.401428223,16,"I2","top_IgA"
"275","PSC70D",0,"TTCCCAGTCCTAAGTG-1_contig_2","IGHV3-48*03","IGHJ4*02","IGKV1-39*01","IGKJ1*01",NA,NA,"IgA",11,5.881164551,10,"I2","top_IgA"
"276","PSC70D",0,"AGGTCCGTCACTTACT-1_contig_2","IGHV3-48*03","IGHJ4*02","IGKV1-39*01","IGKJ1*01",NA,NA,"IgA1",11,4.207824707,28,"I2","top_IgA"
"277","PSC70D",0,"AGTGTCATCGCCGTGA-1_contig_2","IGHV3-48*03","IGHJ4*02","IGKV1-39*01","IGKJ1*01","IGLV1-47*01","IGLJ3*02","IgA1",11,10.73748779,32,"I2","top_IgA"
"278","PSC70D",0,"CAGATCACACGGCTAC-1_contig_1","IGHV3-48*03","IGHJ4*02","IGKV1-39*01","IGKJ1*01",NA,NA,"IgA1",11,8.632629395,18,"I2","top_IgA"
"279","PSC70D",0,"CATCGAACAATTCCTT-1_contig_2","IGHV3-48*03","IGHJ4*02","IGKV1-39*01","IGKJ1*01",NA,NA,"IgA1",11,5.879455566,3,"I2","top_IgA"
"280","PSC70D",0,"CCTACACGTTGGTGGA-1_contig_1","IGHV3-48*03","IGHJ4*02","IGKV1-39*01","IGKJ1*01",NA,NA,"IgA1",11,8.265930176,26,"I2","top_IgA"
"281","PSC70D",0,"CGATGGCAGCTGTCTA-1_contig_1","IGHV3-48*03","IGHJ4*02","IGKV1-39*01","IGKJ1*01",NA,NA,"IgA1",11,8.633850098,28,"I2","top_IgA"
"282","PSC70D",0,"CTAGTGAGTTCCAACA-1_contig_1","IGHV3-48*03","IGHJ4*02","IGKV1-39*01","IGKJ1*01",NA,NA,"IgA1",11,8.790222168,14,"I2","top_IgA"
"283","PSC70D",0,"GGAAAGCCATTAACCG-1_contig_2","IGHV3-48*03","IGHJ4*02","IGKV1-39*01","IGKJ1*01",NA,NA,"IgA1",11,11.69903564,32,"I2","top_IgA"
"284","PSC70D",0,"TCTGAGATCGTGGTCG-1_contig_1","IGHV3-48*03","IGHJ4*02","IGKV1-39*01","IGKJ1*01",NA,NA,"IgA1",11,5.930847168,12,"I2","top_IgA"
"285","PSC70D",0,"AAGGCAGGTTTGACAC-1_contig_1","IGHV3-48*03","IGHJ4*02","IGKV1-39*01","IGKJ1*01",NA,NA,"IgA2",11,8.540100098,13,"I2","top_IgA"
"286","PSC70D",0,"AATCCAGCAAGTTAAG-1_contig_2","IGHV3-48*03","IGHJ4*02","IGKV1-39*01","IGKJ1*01",NA,NA,"IgA2",11,9.986755371,15,"I2","top_IgA"
"287","PSC70D",0,"ACACTGAGTGACAAAT-1_contig_2","IGHV3-48*03","IGHJ4*02","IGKV1-39*01","IGKJ1*01",NA,NA,"IgA2",11,9.697570801,6,"I2","top_IgA"
"288","PSC70D",0,"ACGATACCATTTGCCC-1_contig_1","IGHV3-48*03","IGHJ4*02","IGKV1-39*01","IGKJ1*01",NA,NA,"IgA2",11,8.546325684,24,"I2","top_IgA"
"289","PSC70D",0,"AGACGTTAGCAATCTC-1_contig_2","IGHV3-48*03","IGHJ4*02","IGKV1-39*01","IGKJ1*01",NA,NA,"IgA2",11,6.004089355,20,"I2","top_IgA"
"290","PSC70D",0,"CACAGTAGTCCAGTTA-1_contig_2","IGHV3-48*03","IGHJ4*02","IGKV1-39*01","IGKJ1*01",NA,NA,"IgA2",11,8.546325684,24,"I2","top_IgA"
"291","PSC70D",0,"CGGACGTTCTCCCTGA-1_contig_2","IGHV3-48*03","IGHJ4*02","IGKV1-39*01","IGKJ1*01",NA,NA,"IgA2",11,8.792663574,12,"I2","top_IgA"
"292","PSC70D",0,"CTCGTCACAATCTGCA-1_contig_2","IGHV3-48*03","IGHJ4*02","IGKV1-39*01","IGKJ1*01",NA,NA,"IgA2",11,8.792663574,10,"I2","top_IgA"
"293","PSC70D",0,"CTCTAATAGTAAGTAC-1_contig_2","IGHV3-48*03","IGHJ4*02","IGKV1-39*01","IGKJ1*01",NA,NA,"IgA2",11,5.879455566,0,"I2","top_IgA"
"294","PSC70D",0,"GTCACAAAGCGTGAGT-1_contig_2","IGHV3-11*06","IGHJ4*02","IGKV1-39*01","IGKJ1*01",NA,NA,"IgA2",11,6.789489746,7,"I2","top_IgA"
"295","PSC70D",0,"TCAGATGAGAGTGAGA-1_contig_1","IGHV3-48*03","IGHJ4*02","IGKV1-39*01","IGKJ1*01",NA,NA,"IgA2",11,8.540100098,10,"I2","top_IgA"
"296","PSC70D",0,"AAGACCTTCGAATGGG-1_contig_2","IGHV3-48*03","IGHJ4*02","IGKV1-39*01","IGKJ1*01",NA,NA,"Unknown",11,9.986755371,15,"I2","top_IgA"
"297","PSC70D",0,"AAGGCAGTCTAACTCT-1_contig_1","IGHV3-48*03","IGHJ4*02",NA,NA,NA,NA,"Unknown",11,8.632629395,11,"I2","top_IgA"
"298","PSC70D",0,"GACACGCCAAAGAATC-1_contig_1","IGHV3-48*03","IGHJ4*02",NA,NA,NA,NA,"Unknown",11,8.54095459,6,"I2","top_IgA"
"299","PSC70D",0,"GACTACAAGAATCTCC-1_contig_2","IGHV3-48*03","IGHJ4*02","IGKV1-39*01","IGKJ1*01",NA,NA,"Unknown",11,9.697570801,18,"I2","top_IgA"
"300","PSC70D",0,"GCTGCAGCACTTGGAT-1_contig_2","IGHV3-48*03","IGHJ4*02","IGKV1-39*01","IGKJ1*01",NA,NA,"Unknown",11,8.790222168,13,"I2","top_IgA"
"301","PSC70D",0,"GGCCGATGTAAATACG-1_contig_1","IGHV3-48*03","IGHJ4*02","IGKV1-39*01","IGKJ1*01","IGLV2-11*01","IGLJ2*01","Unknown",11,5.880310059,20,"I2","top_IgA"
"302","PSC70D",0,"TAGTGGTAGAGTAAGG-1_contig_1","IGHV3-48*03","IGHJ4*02","IGKV1-39*01","IGKJ1*01",NA,NA,"Unknown",11,5.879455566,20,"I2","top_IgA"
"303","PSC70D",0,"TGGCGCATCGGCGCTA-1_contig_1","IGHV3-48*03","IGHJ4*02","IGKV1-39*01","IGKJ1*01",NA,NA,"Unknown",11,5.930847168,12,"I2","top_IgA"
"304","PSC70D",0,"TTAGTTCTCAGGCCCA-1_contig_2","IGHV3-48*03","IGHJ4*02","IGKV1-39*01","IGKJ1*01",NA,NA,"Unknown",11,9.986755371,15,"I2","top_IgA"
"305","PSC70D",0,"TTCTCCTTCACCCTCA-1_contig_1","IGHV3-48*03","IGHJ4*02","IGKV1-39*01","IGKJ1*01",NA,NA,"Unknown",11,9.986755371,8,"I2","top_IgA"
"306","PSC28D",345,"AAGGAGCCAATGGACG-1_contig_2","IGHV1-3*01","IGHJ4*02","IGKV3-15*01","IGKJ1*01",NA,NA,"IgA1",16,8.790222168,24,"I1","top_IgA"
"307","PSC28D",345,"CATCCACTCCATGAAC-1_contig_1","IGHV1-3*01","IGHJ4*02","IGKV3-15*01","IGKJ1*01",NA,NA,"IgA1",16,8.790222168,27,"I1","top_IgA"
"308","PSC28D",345,"CCTTACGCACGGTTTA-1_contig_2","IGHV1-3*01","IGHJ4*02","IGKV3D-15*01","IGKJ1*01",NA,NA,"IgA1",16,8.745300293,40,"I1","top_IgA"
"309","PSC28D",345,"CTTCTCTCAAGCGCTC-1_contig_2","IGHV1-3*01","IGHJ4*02","IGKV3D-15*01","IGKJ1*01",NA,NA,"IgA1",16,8.745300293,40,"I1","top_IgA"
"310","PSC28D",345,"GCTCCTATCAAAGTAG-1_contig_2","IGHV1-3*01","IGHJ4*02","IGKV3D-15*01","IGKJ1*01",NA,NA,"IgA1",16,8.745300293,40,"I1","top_IgA"
"311","PSC28D",345,"GGATTACTCTGTGCAA-1_contig_1","IGHV1-3*01","IGHJ4*02","IGKV3-15*01","IGKJ1*01",NA,NA,"IgA1",16,8.790222168,24,"I1","top_IgA"
"312","PSC28D",345,"TAAGCGTGTAAACACA-1_contig_1","IGHV1-3*01","IGHJ4*02","IGKV3-15*01","IGKJ1*01",NA,NA,"IgA1",16,8.790222168,24,"I1","top_IgA"
"313","PSC28D",345,"TCTGAGACAAGCCTAT-1_contig_1","IGHV1-3*01","IGHJ4*02","IGKV3D-15*01","IGKJ1*01",NA,NA,"IgA1",16,8.745300293,40,"I1","top_IgA"
"314","PSC07F",0,"AAACCTGGTCCGAACC-1_contig_2","IGHV3-74*03","IGHJ5*02","IGKV3-11*01","IGKJ1*01",NA,NA,"IgA2",11,3.799865723,19,"U1","top_IgA"
"315","PSC07F",0,"ACGGGCTGTAAATGTG-1_contig_2","IGHV3-74*03","IGHJ5*02","IGKV3-11*01","IGKJ1*01",NA,NA,"IgA2",11,3.799865723,19,"U1","top_IgA"
"316","PSC07F",0,"AGGCCACAGCCAGAAC-1_contig_2","IGHV3-74*01","IGHJ5*02","IGKV3-11*01","IGKJ1*01",NA,NA,"IgA1",11,3.799865723,11,"U1","top_IgA"
"317","PSC07F",0,"AGTGGGATCAACACAC-1_contig_2","IGHV3-74*01","IGHJ5*02","IGKV3-11*01","IGKJ1*01",NA,NA,"IgA2",11,3.799865723,19,"U1","top_IgA"
"318","PSC07F",0,"CCATTCGGTAGAGGAA-1_contig_2","IGHV3-74*01","IGHJ5*02","IGKV3-11*01","IGKJ1*01",NA,NA,"IgA2",11,3.799865723,22,"U1","top_IgA"
"319","PSC07F",0,"CCTTCGAGTCTGCCAG-1_contig_3","IGHV3-74*03","IGHJ5*02","IGKV3-11*01","IGKJ1*01",NA,NA,"IgA2",11,3.563659668,24,"U1","top_IgA"
"320","PSC07F",0,"CGTAGGCGTTGAGTTC-1_contig_2","IGHV3-74*03","IGHJ5*02","IGKV3-11*01","IGKJ1*01",NA,NA,"IgA2",11,3.799865723,24,"U1","top_IgA"
"321","PSC07F",0,"CTAGCCTGTTCTCATT-1_contig_2","IGHV3-74*01","IGHJ5*02","IGKV3-11*01","IGKJ1*01",NA,NA,"IgA2",11,3.799865723,17,"U1","top_IgA"
"322","PSC07F",0,"GCGCAACGTGTCTGAT-1_contig_2","IGHV3-74*01","IGHJ5*02","IGKV3-11*01","IGKJ1*01",NA,NA,"IgA2",11,3.799743652,19,"U1","top_IgA"
"323","PSC07F",0,"GCTCTGTAGGCTAGGT-1_contig_2","IGHV3-74*01","IGHJ5*02","IGKV3-11*01","IGKJ1*01",NA,NA,"IgA2",11,3.799743652,24,"U1","top_IgA"
"324","PSC07F",0,"GTTAAGCAGCACCGCT-1_contig_2","IGHV3-74*01","IGHJ5*02","IGKV3-11*01","IGKJ1*01",NA,NA,"IgA2",11,3.799865723,23,"U1","top_IgA"
"325","PSC70D",185,"AGAGCTTAGGGATGGG-1_contig_1","IGHV5-51*01","IGHJ6*03","IGKV1-5*01","IGKJ1*01",NA,NA,"IgG1",13,8.632629395,25,"I2","top_IgG"
"326","PSC70D",185,"AGATTGCCATGCGCAC-1_contig_3","IGHV5-51*01","IGHJ6*03","IGKV1-5*01","IGKJ1*01",NA,NA,"IgG1",13,5.212341309,42,"I2","top_IgG"
"327","PSC70D",185,"AGCGTATGTGCACCAC-1_contig_2","IGHV5-51*01","IGHJ6*03","IGKV1-5*01","IGKJ1*01",NA,NA,"IgG1",13,5.268249512,40,"I2","top_IgG"
"328","PSC70D",185,"AGTCTTTCATAAAGGT-1_contig_2","IGHV5-51*01","IGHJ6*03","IGKV1-5*01","IGKJ1*01",NA,NA,"IgG1",13,6.003112793,37,"I2","top_IgG"
"329","PSC70D",185,"AGTCTTTTCATAAAGG-1_contig_2","IGHV5-51*01","IGHJ6*03","IGKV1-5*01","IGKJ1*01",NA,NA,"IgG1",13,6.003112793,37,"I2","top_IgG"
"330","PSC70D",185,"CGAGAAGGTATTACCG-1_contig_1","IGHV5-51*01","IGHJ6*03","IGKV1-5*01","IGKJ1*01",NA,NA,"IgG1",13,10.73748779,19,"I2","top_IgG"
"331","PSC70D",185,"CGAGAAGGTATTACCG-1_contig_1","IGHV5-51*01","IGHJ6*03","IGKV1-5*01","IGKJ1*01",NA,NA,"IgG1",13,10.73748779,19,"I2","top_IgG"
"332","PSC70D",185,"CGTGTAATCCATGAGT-1_contig_1","IGHV5-51*01","IGHJ6*03","IGKV1-5*01","IGKJ1*01",NA,NA,"IgG1",13,8.790222168,30,"I2","top_IgG"
"333","PSC70D",185,"GCGCCAAAGCCAGTTT-1_contig_1","IGHV5-51*01","IGHJ6*03","IGKV1-5*01","IGKJ1*01",NA,NA,"IgG1",13,10.73748779,21,"I2","top_IgG"
"334","PSC70D",185,"GCTGGGTGTCAAGCGA-1_contig_2","IGHV5-51*01","IGHJ6*03","IGKV1-5*01","IGKJ1*01",NA,NA,"IgG1",13,4.353210449,45,"I2","top_IgG"
"335","PSC70D",185,"GGAACTTCATCCTAGA-1_contig_1","IGHV5-51*01","IGHJ6*03","IGKV1-5*01","IGKJ1*01",NA,NA,"IgG1",13,5.879455566,28,"I2","top_IgG"
"336","PSC70D",185,"GTCTTCGCAGTAACGG-1_contig_2","IGHV5-51*01","IGHJ6*03","IGKV1-5*01","IGKJ1*01",NA,NA,"IgG1",13,6.78717041,44,"I2","top_IgG"
"337","PSC70D",185,"GTGCGGTTCTGGTATG-1_contig_1","IGHV5-51*01","IGHJ6*03","IGKV1-5*01","IGKJ1*01",NA,NA,"IgG1",13,5.879455566,28,"I2","top_IgG"
"338","PSC70D",185,"TACTCGCTCATCGGAT-1_contig_1","IGHV5-51*01","IGHJ6*03","IGKV1-5*01","IGKJ1*01","IGLV3-21*02","IGLJ2*01","IgG1",13,8.790222168,27,"I2","top_IgG"
"339","PSC70D",185,"TACTTGTAGATGGCGT-1_contig_2","IGHV5-51*01","IGHJ6*03","IGKV1-5*01","IGKJ1*01",NA,NA,"IgG1",13,5.32220459,44,"I2","top_IgG"
"340","PSC70D",185,"TGAGGGAGTTTGTTGG-1_contig_1","IGHV5-51*01","IGHJ6*03","IGKV1-5*01","IGKJ1*01",NA,NA,"IgG1",13,5.879455566,44,"I2","top_IgG"
"341","PSC84C",0,"ATCTGCCCAATGACCT-1_contig_2","IGHV3-7*01","IGHJ4*02","IGKV3-20*01","IGKJ2*01",NA,NA,"IgA2",12,4.207946777,7,"I1","top_IgA"
"342","PSC84C",0,"CGTAGGCAGCCGGTAA-1_contig_2","IGHV3-7*01","IGHJ4*02","IGKV3-20*01","IGKJ2*01",NA,NA,"IgA2",12,4.207946777,7,"I1","top_IgA"
"343","PSC84C",0,"GCTGCAGGTATGAAAC-1_contig_2","IGHV3-7*01","IGHJ4*02","IGKV3-20*01","IGKJ2*01",NA,NA,"IgA2",12,4.207946777,14,"I1","top_IgA"
"344","PSC84C",0,"TCCCGATAGGCGACAT-1_contig_2","IGHV3-7*01","IGHJ4*02","IGKV3-20*01","IGKJ2*01",NA,NA,"IgA2",12,4.207946777,14,"I1","top_IgA"
"345","PSC84C",0,"TTGAACGAGACGCACA-1_contig_1","IGHV3-7*01","IGHJ4*02","IGKV3-20*01","IGKJ2*01",NA,NA,"IgA2",12,4.207946777,7,"I1","top_IgA"
"346","PSC94",565,"ACAGCTATCGATCCCT-1_contig_2","IGHV3-48*03","IGHJ3*01","IGKV1-9*01","IGKJ1*01",NA,NA,"IgA1",13,6.114318848,56,"I2","top_IgA"
"347","PSC94",565,"ACGCCAGAGTTCGCGC-1_contig_2","IGHV3-48*03","IGHJ3*01","IGKV1-9*01","IGKJ1*01",NA,NA,"IgA1",13,4.531311035,51,"I2","top_IgA"
"348","PSC94",565,"AGAGCTTTCCAAAGTC-1_contig_1","IGHV3-48*03","IGHJ3*01","IGKV1-9*01","IGKJ1*01",NA,NA,"IgA1",13,6.114318848,54,"I2","top_IgA"
"349","PSC94",565,"AGAGTGGAGAGTACAT-1_contig_2","IGHV3-48*03","IGHJ3*01","IGKV1-9*01","IGKJ1*01",NA,NA,"IgA1",13,6.114318848,53,"I2","top_IgA"
"350","PSC94",565,"AGCATACTCGTAGGAG-1_contig_2","IGHV3-48*03","IGHJ3*01","IGKV1-9*01","IGKJ1*01",NA,NA,"IgA1",13,6.114318848,58,"I2","top_IgA"
"351","PSC94",565,"AGGCCGTAGTCCCACG-1_contig_2","IGHV3-48*03","IGHJ3*01","IGKV1-9*01","IGKJ1*01",NA,NA,"IgA1",13,6.114318848,53,"I2","top_IgA"
"352","PSC94",565,"AGTCTTTAGTGGTAAT-1_contig_2","IGHV3-48*03","IGHJ3*01","IGKV1-9*01","IGKJ1*01",NA,NA,"IgA1",13,6.114318848,55,"I2","top_IgA"
"353","PSC94",565,"ATAACGCAGGTCGGAT-1_contig_2","IGHV3-48*03","IGHJ3*01","IGKV1-9*01","IGKJ1*01",NA,NA,"IgA1",13,6.114318848,53,"I2","top_IgA"
"354","PSC94",565,"CACTCCAGTGGTCTCG-1_contig_2","IGHV3-48*03","IGHJ3*01","IGKV1-9*01","IGKJ1*01",NA,NA,"IgA1",13,6.114318848,59,"I2","top_IgA"
"355","PSC94",565,"CCTAGCTAGCACCGTC-1_contig_2","IGHV3-48*03","IGHJ3*01","IGKV1-9*01","IGKJ1*01",NA,NA,"IgA1",13,6.114318848,55,"I2","top_IgA"
"356","PSC94",565,"CGTGAGCGTCGACTGC-1_contig_2","IGHV3-48*03","IGHJ3*01","IGKV1-9*01","IGKJ1*01",NA,NA,"IgA1",13,6.114318848,49,"I2","top_IgA"
"357","PSC94",565,"GAATAAGGTGATGTCT-1_contig_2","IGHV3-48*03","IGHJ3*01","IGKV1-9*01","IGKJ1*01",NA,NA,"IgA1",13,6.114318848,59,"I2","top_IgA"
"358","PSC94",565,"GCAATCACATTGGCGC-1_contig_2","IGHV3-48*03","IGHJ3*01","IGKV1-9*01","IGKJ1*01",NA,NA,"IgA1",13,6.114318848,58,"I2","top_IgA"
"359","PSC94",565,"GCACATAGTTTGTTGG-1_contig_2","IGHV3-48*03","IGHJ3*01","IGKV1-9*01","IGKJ1*01",NA,NA,"IgA1",13,6.114318848,58,"I2","top_IgA"
"360","PSC94",565,"GCAGCCACAATGTTGC-1_contig_2","IGHV3-48*03","IGHJ3*01","IGKV1-9*01","IGKJ1*01",NA,NA,"IgA1",13,6.114318848,49,"I2","top_IgA"
"361","PSC94",565,"GCTCCTAGTCAAACTC-1_contig_1","IGHV3-48*03","IGHJ3*01","IGKV1-9*01","IGKJ1*01",NA,NA,"IgA1",13,6.114318848,47,"I2","top_IgA"
"362","PSC94",565,"GTCTTCGCAAGGACAC-1_contig_2","IGHV3-48*03","IGHJ3*01","IGKV1-9*01","IGKJ1*01",NA,NA,"IgA1",13,6.114318848,55,"I2","top_IgA"
"363","PSC94",565,"TACTTGTAGAAACCAT-1_contig_2","IGHV3-48*03","IGHJ3*01","IGKV1-9*01","IGKJ1*01","IGLV3-21*02","IGLJ2*01","IgA1",13,6.114318848,67,"I2","top_IgA"
"364","PSC94",565,"TAGGCATAGCTGATAA-1_contig_3","IGHV3-48*03","IGHJ3*01","IGKV1-9*01","IGKJ1*01","IGLV3-21*02","IGLJ1*01","IgA1",13,6.114318848,55,"I2","top_IgA"
"365","PSC94",565,"TCTATTGTCTACCTGC-1_contig_2","IGHV3-48*03","IGHJ3*01","IGKV1-9*01","IGKJ1*01",NA,NA,"IgA1",13,4.872009277,67,"I2","top_IgA"
"366","PSC94",565,"TCTCATATCGCCCTTA-1_contig_2","IGHV3-48*03","IGHJ3*01","IGKV1-9*01","IGKJ1*01",NA,NA,"IgA1",13,6.114318848,53,"I2","top_IgA"
"367","PSC94",565,"TTGCCGTAGCAGCCTC-1_contig_2","IGHV3-48*03","IGHJ3*01","IGKV1-9*01","IGKJ1*01",NA,NA,"IgA1",13,6.114318848,58,"I2","top_IgA"
"368","PSC94",565,"TTGTAGGCACGTTGGC-1_contig_2","IGHV3-48*03","IGHJ3*01","IGKV1-9*01","IGKJ1*01",NA,NA,"IgA1",13,6.188415527,53,"I2","top_IgA"
"369","PSC94",565,"CATATGGGTTTGACTG-1_contig_2","IGHV3-48*03","IGHJ3*01","IGKV1-9*01","IGKJ1*01",NA,NA,"IgA2",13,6.187561035,60,"I2","top_IgA"
"370","PSC94",0,"AAAGCAAGTCAACATC-1_contig_1","IGHV1-69*12","IGHJ3*01",NA,NA,NA,NA,"IgG1",17,4.658874512,43,"I2","top_IgG"
"371","PSC94",0,"AACCGCGAGGGAACGG-1_contig_1","IGHV1-69*12","IGHJ3*02","IGKV3-20*01","IGKJ1*01",NA,NA,"IgG1",17,3.659973145,36,"I2","top_IgG"
"372","PSC94",0,"AACTCCCGTCGCGGTT-1_contig_1","IGHV1-69*12","IGHJ3*02","IGKV3D-20*01","IGKJ1*01",NA,NA,"IgG1",17,4.658874512,45,"I2","top_IgG"
"373","PSC94",0,"AACTCCCTCCAGTAGT-1_contig_1","IGHV1-69*12","IGHJ3*02","IGKV3-20*01","IGKJ1*01",NA,NA,"IgG1",17,5.213684082,35,"I2","top_IgG"
"374","PSC94",0,"AAGGCAGCACATTTCT-1_contig_1","IGHV1-69*12","IGHJ3*02",NA,NA,NA,NA,"IgG1",17,4.658874512,46,"I2","top_IgG"
"375","PSC94",0,"ACAGCTAAGGGCTCTC-1_contig_1","IGHV1-69*04","IGHJ3*02",NA,NA,NA,NA,"IgG1",17,5.213684082,49,"I2","top_IgG"
"376","PSC94",0,"ACAGCTATCAATAAGG-1_contig_1","IGHV1-69*12","IGHJ3*02","IGKV3-20*01","IGKJ1*01",NA,NA,"IgG1",17,5.213684082,33,"I2","top_IgG"
"377","PSC94",0,"ACCCACTTCAGCGACC-1_contig_1","IGHV1-69*12","IGHJ3*01","IGKV3-20*01","IGKJ1*01",NA,NA,"IgG1",17,5.213684082,56,"I2","top_IgG"
"378","PSC94",0,"ACGAGGAGTACACCGC-1_contig_1","IGHV1-69*14","IGHJ3*01","IGKV3D-20*01","IGKJ1*01",NA,NA,"IgG1",17,5.431213379,46,"I2","top_IgG"
"379","PSC94",0,"ACGGCCAGTCTCTCGT-1_contig_1","IGHV1-69*12","IGHJ3*02",NA,NA,NA,NA,"IgG1",17,5.715637207,51,"I2","top_IgG"
"380","PSC94",0,"ACGGGTCTCCGCGGTA-1_contig_1","IGHV1-69*12","IGHJ3*01",NA,NA,NA,NA,"IgG1",17,4.42791748,66,"I2","top_IgG"
"381","PSC94",0,"ACTATCTAGCTCCTCT-1_contig_1","IGHV1-69*04","IGHJ3*02","IGKV3-20*01","IGKJ1*01",NA,NA,"IgG1",17,5.995300293,45,"I2","top_IgG"
"382","PSC94",0,"ACTGAACCAATGGAGC-1_contig_1","IGHV1-69*12","IGHJ3*02","IGKV3-20*01","IGKJ1*01",NA,NA,"IgG1",17,5.212219238,41,"I2","top_IgG"
"383","PSC94",0,"ACTGAGTGTAAGGGAA-1_contig_1","IGHV1-69*04","IGHJ3*02",NA,NA,NA,NA,"IgG1",17,5.98223877,35,"I2","top_IgG"
"384","PSC94",0,"ACTGATGTCATCGGAT-1_contig_1","IGHV1-69*12","IGHJ3*02","IGKV3-20*01","IGKJ1*01",NA,NA,"IgG1",17,4.352111816,33,"I2","top_IgG"
"385","PSC94",0,"ACTTACTTCGTACCGG-1_contig_1","IGHV1-69*12","IGHJ3*02","IGKV3-20*01","IGKJ1*01",NA,NA,"IgG1",17,6.208312988,33,"I2","top_IgG"
"386","PSC94",0,"AGCATACCAGATGGCA-1_contig_2","IGHV1-69*14","IGHJ3*02","IGKV3-20*01","IGKJ1*01",NA,NA,"IgG1",17,4.751403809,42,"I2","top_IgG"
"387","PSC94",0,"AGTAGTCGTTGTCTTT-1_contig_1","IGHV1-69*12","IGHJ3*02","IGKV3-20*01","IGKJ1*01",NA,NA,"IgG1",17,5.213684082,46,"I2","top_IgG"
"388","PSC94",0,"AGTCTTTAGCGCCTCA-1_contig_1","IGHV1-69*04","IGHJ3*01","IGKV3-20*01","IGKJ1*01",NA,NA,"IgG1",17,5.262023926,41,"I2","top_IgG"
"389","PSC94",0,"AGTGAGGCAATAACGA-1_contig_2","IGHV1-69*11","IGHJ3*02","IGKV3-20*01","IGKJ1*01",NA,NA,"IgG1",17,4.00201416,56,"I2","top_IgG"
"390","PSC94",0,"AGTGAGGGTGACAAAT-1_contig_1","IGHV1-69*12","IGHJ3*02",NA,NA,NA,NA,"IgG1",17,6.023498535,42,"I2","top_IgG"
"391","PSC94",0,"AGTGAGGTCTTGACGA-1_contig_1","IGHV1-69*04","IGHJ3*01",NA,NA,NA,NA,"IgG1",17,6.264831543,52,"I2","top_IgG"
"392","PSC94",0,"AGTGGGAGTACGAAAT-1_contig_1","IGHV1-69*04","IGHJ3*02","IGKV3-20*01","IGKJ1*01",NA,NA,"IgG1",17,5.213684082,42,"I2","top_IgG"
"393","PSC94",0,"ATAAGAGAGCAGCCTC-1_contig_2","IGHV1-69*17","IGHJ3*02","IGKV3-20*01","IGKJ1*01",NA,NA,"IgG1",17,4.219299316,49,"I2","top_IgG"
"394","PSC94",0,"ATCACGATCAGCTTAG-1_contig_1","IGHV1-69*12","IGHJ3*02","IGKV3-20*01","IGKJ1*01",NA,NA,"IgG1",17,4.557800293,50,"I2","top_IgG"
"395","PSC94",0,"ATCCGAATCTGTCAAG-1_contig_1","IGHV1-69*14","IGHJ3*01",NA,NA,NA,NA,"IgG1",17,6.011901855,51,"I2","top_IgG"
"396","PSC94",0,"ATCGAGTAGCTGTTCA-1_contig_1","IGHV1-69*14","IGHJ3*01","IGKV3-20*01","IGKJ1*01",NA,NA,"IgG1",17,4.799133301,40,"I2","top_IgG"
"397","PSC94",0,"ATGGGAGAGTAAGTAC-1_contig_1","IGHV1-69*12","IGHJ3*01","IGKV3-20*01","IGKJ1*01",NA,NA,"IgG1",17,4.032531738,44,"I2","top_IgG"
"398","PSC94",0,"ATTATCCGTAAACACA-1_contig_1","IGHV1-69*12","IGHJ3*02",NA,NA,NA,NA,"IgG1",17,5.213684082,34,"I2","top_IgG"
"399","PSC94",0,"ATTGGTGGTCTCTCTG-1_contig_1","IGHV1-69*04","IGHJ3*01","IGKV3-20*01","IGKJ1*01",NA,NA,"IgG1",17,6.264831543,57,"I2","top_IgG"
"400","PSC94",0,"CAACTAGGTAGAAAGG-1_contig_2","IGHV1-69*04","IGHJ3*01","IGKV3-20*01","IGKJ1*01","IGLV3-21*03","IGLJ1*01","IgG1",17,5.262023926,41,"I2","top_IgG"
"401","PSC94",0,"CACCACTCAGCGTCCA-1_contig_1","IGHV1-69*12","IGHJ3*02","IGKV3-20*01","IGKJ1*01",NA,NA,"IgG1",17,4.308288574,45,"I2","top_IgG"
"402","PSC94",0,"CACCAGGCAATGGATA-1_contig_1","IGHV1-69*12","IGHJ3*01","IGKV3-20*01","IGKJ1*01",NA,NA,"IgG1",17,4.658874512,42,"I2","top_IgG"
"403","PSC94",0,"CACCAGGCATATGCTG-1_contig_1","IGHV1-69*04","IGHJ3*01",NA,NA,NA,NA,"IgG1",17,5.98223877,55,"I2","top_IgG"
"404","PSC94",0,"CACTCCAAGGTGGGTT-1_contig_1","IGHV1-69*04","IGHJ3*01",NA,NA,NA,NA,"IgG1",17,5.262023926,46,"I2","top_IgG"
"405","PSC94",0,"CAGAGAGAGTTCCACA-1_contig_1","IGHV1-69*14","IGHJ3*01",NA,NA,NA,NA,"IgG1",17,5.262023926,40,"I2","top_IgG"
"406","PSC94",0,"CAGCTAAAGCTGGAAC-1_contig_1","IGHV1-69*12","IGHJ3*01","IGKV3-20*01","IGKJ1*01",NA,NA,"IgG1",17,4.035583496,29,"I2","top_IgG"
"407","PSC94",0,"CAGTCCTCAACACCCG-1_contig_1","IGHV1-69*12","IGHJ3*01",NA,NA,NA,NA,"IgG3",17,4.352111816,54,"I2","top_IgG"
"408","PSC94",0,"CATATTCCAGTCCTTC-1_contig_1","IGHV1-69*04","IGHJ3*02","IGKV3-20*01","IGKJ1*01",NA,NA,"IgA1",17,6.251037598,42,"I2","top_IgG"
"409","PSC94",0,"CATCGAATCAGAAATG-1_contig_1","IGHV1-69*12","IGHJ3*02","IGKV3D-20*01","IGKJ1*01",NA,NA,"IgG1",17,4.751403809,50,"I2","top_IgG"
"410","PSC94",0,"CCATTCGTCTGGTTCC-1_contig_1","IGHV1-69*12","IGHJ3*02","IGKV3-20*01","IGKJ1*01",NA,NA,"IgG1",17,4.751403809,49,"I2","top_IgG"
"411","PSC94",0,"CCCAGTTGTATGGTTC-1_contig_1","IGHV1-69*12","IGHJ3*01",NA,NA,NA,NA,"IgG1",17,4.658874512,58,"I2","top_IgG"
"412","PSC94",0,"CCCTCCTAGCTGTTCA-1_contig_1","IGHV1-69*04","IGHJ3*02",NA,NA,NA,NA,"IgG1",17,5.98223877,35,"I2","top_IgG"
"413","PSC94",0,"CCGTGGAAGATGTGTA-1_contig_1","IGHV1-69*12","IGHJ3*02",NA,NA,NA,NA,"IgG1",17,5.212341309,38,"I2","top_IgG"
"414","PSC94",0,"CCTTCCCGTGTGACGA-1_contig_1","IGHV1-69*12","IGHJ3*02","IGKV3-20*01","IGKJ1*01",NA,NA,"IgG1",17,5.715637207,49,"I2","top_IgG"
"415","PSC94",0,"CCTTCGAAGGACAGAA-1_contig_2","IGHV1-69*12","IGHJ3*01","IGKV3-20*01","IGKJ1*01","IGLV3-21*02","IGLJ3*02","IgG1",17,5.382629395,57,"I2","top_IgG"
"416","PSC94",0,"CGATGGCAGATCTGCT-1_contig_1","IGHV1-69*11","IGHJ3*01","IGKV3-20*01","IGKJ1*01",NA,NA,"IgG1",17,3.971496582,42,"I2","top_IgG"
"417","PSC94",0,"CGCCAAGGTTGCGCAC-1_contig_1","IGHV1-69*12","IGHJ3*01","IGKV3-20*01","IGKJ1*01",NA,NA,"IgG1",17,4.352111816,51,"I2","top_IgG"
"418","PSC94",0,"CGGGTCACACAAGACG-1_contig_1","IGHV1-69*04","IGHJ3*02","IGKV3-20*01","IGKJ1*01",NA,NA,"IgG1",17,6.261169434,36,"I2","top_IgG"
"419","PSC94",0,"CGGGTCATCAGGTTCA-1_contig_1","IGHV1-69*12","IGHJ3*02","IGKV3-20*01","IGKJ1*01",NA,NA,"IgG1",17,4.658874512,50,"I2","top_IgG"
"420","PSC94",0,"CGTTGGGAGGCATGTG-1_contig_1","IGHV1-69*14","IGHJ3*02",NA,NA,NA,NA,"IgG1",17,4.700134277,46,"I2","top_IgG"
"421","PSC94",0,"CTCCTAGTCAGGCGAA-1_contig_1","IGHV1-69*12","IGHJ3*01",NA,NA,NA,NA,"IgG1",17,5.363220215,43,"I2","top_IgG"
"422","PSC94",0,"CTCGAGGCACATAACC-1_contig_1","IGHV1-69*12","IGHJ3*02","IGKV3D-20*01","IGKJ1*01",NA,NA,"IgG1",17,4.751403809,47,"I2","top_IgG"
"423","PSC94",0,"CTCGAGGGTAGCACGA-1_contig_1","IGHV1-69*11","IGHJ3*01","IGKV3-20*01","IGKJ1*01",NA,NA,"IgA1",17,4.558288574,40,"I2","top_IgG"
"424","PSC94",0,"CTCGTACAGACTAAGT-1_contig_1","IGHV1-69*14","IGHJ3*01",NA,NA,NA,NA,"IgG1",17,5.101379395,44,"I2","top_IgG"
"425","PSC94",0,"CTCTGGTGTGCCTTGG-1_contig_1","IGHV1-69*12","IGHJ3*01","IGKV3-20*01","IGKJ1*01","IGLV1-51*01","IGLJ2*01","IgG1",17,5.382629395,55,"I2","top_IgG"
"426","PSC94",0,"CTGAAACCAGTCAGAG-1_contig_1","IGHV1-69*13","IGHJ3*02","IGKV3-20*01","IGKJ1*01",NA,NA,"IgG1",17,4.219299316,45,"I2","top_IgG"
"427","PSC94",0,"CTGAAGTCAGATCTGT-1_contig_1","IGHV1-69*12","IGHJ3*01","IGKV3-20*01","IGKJ1*01",NA,NA,"IgG1",17,4.032531738,49,"I2","top_IgG"
"428","PSC94",0,"CTGTGCTCACGGTGTC-1_contig_1","IGHV1-69*14","IGHJ6*02","IGKV3-20*01","IGKJ1*01",NA,NA,"IgG1",17,5.100524902,47,"I2","top_IgG"
"429","PSC94",0,"GAAATGACAACACCTA-1_contig_1","IGHV1-69*12","IGHJ3*02",NA,NA,NA,NA,"IgG1",17,4.352111816,33,"I2","top_IgG"
"430","PSC94",0,"GAACATCAGTCGATAA-1_contig_1","IGHV1-69*14","IGHJ3*02",NA,NA,NA,NA,"IgG1",17,4.700134277,46,"I2","top_IgG"
"431","PSC94",0,"GAAGCAGGTCCAGTTA-1_contig_1","IGHV1-69*12","IGHJ3*02",NA,NA,NA,NA,"IgA1",17,5.715637207,50,"I2","top_IgG"
"432","PSC94",0,"GAATGAATCACTCTTA-1_contig_1","IGHV1-69*12","IGHJ3*01",NA,NA,NA,NA,"IgG1",17,3.959289551,50,"I2","top_IgG"
"433","PSC94",0,"GAGGTGATCTTCGGTC-1_contig_1","IGHV1-69*12","IGHJ3*02","IGKV3-20*01","IGKJ1*01",NA,NA,"IgG1",17,4.658874512,21,"I2","top_IgG"
"434","PSC94",0,"GATCGATTCTATGTGG-1_contig_1","IGHV1-69*12","IGHJ3*01","IGKV3-20*01","IGKJ1*01",NA,NA,"IgG1",17,4.352111816,60,"I2","top_IgG"
"435","PSC94",0,"GATTCAGGTTCCACTC-1_contig_1","IGHV1-69*14","IGHJ3*02","IGKV3-20*01","IGKJ1*01",NA,NA,"IgG1",17,5.214050293,53,"I2","top_IgG"
"436","PSC94",0,"GCGCGATCAGCCACCA-1_contig_1","IGHV1-69*12","IGHJ3*01","IGKV3-20*01","IGKJ1*01",NA,NA,"IgG1",17,6.003723145,63,"I2","top_IgG"
"437","PSC94",0,"GCTGCGATCGTAGATC-1_contig_1","IGHV1-69*11","IGHJ3*01","IGKV3-20*01","IGKJ1*01",NA,NA,"IgG1",17,4.751403809,45,"I2","top_IgG"
"438","PSC94",0,"GGACATTCATGCAATC-1_contig_1","IGHV1-69*14","IGHJ3*01",NA,NA,NA,NA,"IgG1",17,5.101379395,44,"I2","top_IgG"
"439","PSC94",0,"GGACGTCCAATAGCGG-1_contig_1","IGHV1-69*12","IGHJ3*02",NA,NA,NA,NA,"IgA1",17,5.715637207,52,"I2","top_IgG"
"440","PSC94",0,"GGATTACGTTCGAATC-1_contig_1","IGHV1-69*11","IGHJ3*02","IGKV3D-20*01","IGKJ1*01",NA,NA,"IgG1",17,4.658874512,50,"I2","top_IgG"
"441","PSC94",0,"GGGAATGCAATCACAC-1_contig_1","IGHV1-69*14","IGHJ3*02",NA,NA,NA,NA,"IgG1",17,6.254821777,43,"I2","top_IgG"
"442","PSC94",0,"GGGATGATCAGTTAGC-1_contig_2","IGHV1-69*14","IGHJ3*01","IGKV3-20*01","IGKJ1*01",NA,NA,"IgA1",17,5.152526855,46,"I2","top_IgG"
"443","PSC94",0,"GGGATGATCCTCGCAT-1_contig_1","IGHV1-69*12","IGHJ3*01",NA,NA,NA,NA,"IgG1",17,4.658874512,42,"I2","top_IgG"
"444","PSC94",0,"GGGTTGCTCGCCTGAG-1_contig_1","IGHV1-69*04","IGHJ3*01",NA,NA,NA,NA,"IgG1",17,6.264831543,53,"I2","top_IgG"
"445","PSC94",0,"GTACGTAGTACCCAAT-1_contig_1","IGHV1-69*04","IGHJ3*01","IGKV3-20*01","IGKJ1*01",NA,NA,"IgG1",17,6.264831543,52,"I2","top_IgG"
"446","PSC94",0,"GTATCTTAGCGTAGTG-1_contig_1","IGHV1-69*15","IGHJ3*02",NA,NA,NA,NA,"IgG1",17,4.032531738,41,"I2","top_IgG"
"447","PSC94",0,"GTATCTTTCAAGGTAA-1_contig_1","IGHV1-69*04","IGHJ3*01","IGKV3-20*01","IGKJ1*01",NA,NA,"IgG1",17,6.264831543,52,"I2","top_IgG"
"448","PSC94",0,"GTCGTAAGTAAGTGTA-1_contig_1","IGHV1-69*14","IGHJ4*03",NA,NA,NA,NA,"IgA1",17,6.266540527,35,"I2","top_IgG"
"449","PSC94",0,"GTGCAGCAGTAGATGT-1_contig_1","IGHV1-69*04","IGHJ4*03","IGKV3-20*01","IGKJ1*01",NA,NA,"IgG1",17,5.262023926,49,"I2","top_IgG"
"450","PSC94",0,"GTGTGCGCAGGTCGTC-1_contig_1","IGHV1-69*11","IGHJ3*02","IGKV3-20*01","IGKJ1*01",NA,NA,"IgG1",17,4.751403809,43,"I2","top_IgG"
"451","PSC94",0,"GTGTGCGGTATAGGGC-1_contig_1","IGHV1-69*12","IGHJ3*01",NA,NA,NA,NA,"IgG1",17,5.363220215,44,"I2","top_IgG"
"452","PSC94",0,"GTTCGGGAGGACATTA-1_contig_2","IGHV1-69*14","IGHJ3*02","IGKV3-20*01","IGKJ1*01",NA,NA,"IgG1",17,5.724304199,46,"I2","top_IgG"
"453","PSC94",0,"TACACGACATTATCTC-1_contig_1","IGHV1-69*14","IGHJ3*02",NA,NA,NA,NA,"IgG1",17,6.254821777,43,"I2","top_IgG"
"454","PSC94",0,"TAGAGCTCAGGGAGAG-1_contig_1","IGHV1-69*11","IGHJ4*03","IGKV3-20*01","IGKJ1*01",NA,NA,"IgG1",17,3.971496582,45,"I2","top_IgG"
"455","PSC94",0,"TATCAGGAGAGGTTAT-1_contig_1","IGHV1-69*12","IGHJ3*02","IGKV3-20*01","IGKJ1*01",NA,NA,"IgG1",17,4.658874512,49,"I2","top_IgG"
"456","PSC94",0,"TCACGAACATCCTTGC-1_contig_1","IGHV1-69*12","IGHJ3*02","IGKV3-20*01","IGKJ1*01",NA,NA,"IgG1",17,4.219299316,56,"I2","top_IgG"
"457","PSC94",0,"TCAGATGAGTCGAGTG-1_contig_1","IGHV1-69*12","IGHJ3*01",NA,NA,NA,NA,"IgG1",17,4.655944824,31,"I2","top_IgG"
"458","PSC94",0,"TCAGGATGTAATAGCA-1_contig_1","IGHV1-69*12","IGHJ3*01","IGKV3-20*01","IGKJ1*01",NA,NA,"IgG1",17,5.213684082,55,"I2","top_IgG"
"459","PSC94",0,"TCATTTGAGGTGCTAG-1_contig_1","IGHV1-69*04","IGHJ3*02","IGKV3-20*01","IGKJ1*01",NA,NA,"IgG1",17,5.213684082,48,"I2","top_IgG"
"460","PSC94",0,"TCGAGGCTCGCCTGTT-1_contig_2","IGHV1-69*12","IGHJ3*01","IGKV3-20*01","IGKJ1*01",NA,NA,"IgG1",17,4.42791748,59,"I2","top_IgG"
"461","PSC94",0,"TCGGTAAAGAGTACAT-1_contig_1","IGHV1-69*12","IGHJ3*02",NA,NA,NA,NA,"IgG1",17,5.363220215,39,"I2","top_IgG"
"462","PSC94",0,"TCGTAGAAGCGCCTTG-1_contig_1","IGHV1-69*04","IGHJ3*02","IGKV3-20*01","IGKJ1*01",NA,NA,"IgG1",17,5.213684082,45,"I2","top_IgG"
"463","PSC94",0,"TCTCATAAGATCTGCT-1_contig_1","IGHV1-69*15","IGHJ3*01",NA,NA,NA,NA,"IgG1",17,4.655944824,36,"I2","top_IgG"
"464","PSC94",0,"TGACTAGAGGTGGGTT-1_contig_1","IGHV1-69*04","IGHJ3*02","IGKV3-20*01","IGKJ1*01",NA,NA,"IgG1",17,5.213684082,49,"I2","top_IgG"
"465","PSC94",0,"TGACTTTTCATTGCGA-1_contig_1","IGHV1-69*12","IGHJ3*02",NA,NA,NA,NA,"IgG1",17,4.751403809,47,"I2","top_IgG"
"466","PSC94",0,"TGAGAGGAGCCAGGAT-1_contig_1","IGHV1-69*12","IGHJ3*01",NA,NA,NA,NA,"IgG1",17,4.352111816,54,"I2","top_IgG"
"467","PSC94",0,"TGAGCATTCTAACGGT-1_contig_1","IGHV1-69*04","IGHJ3*01",NA,NA,NA,NA,"IgG1",17,5.98236084,51,"I2","top_IgG"
"468","PSC94",0,"TGAGGGAAGATGTGGC-1_contig_1","IGHV1-69*14","IGHJ3*01","IGKV3-20*01","IGKJ1*01",NA,NA,"IgG1",17,4.316711426,24,"I2","top_IgG"
"469","PSC94",0,"TGATTTCGTCAGATAA-1_contig_1","IGHV1-69*12","IGHJ3*02","IGKV3-20*01","IGKJ1*01","IGLV2-23*01","IGLJ3*02","IgA1",17,5.715637207,53,"I2","top_IgG"
"470","PSC94",0,"TGCACCTGTTGTCTTT-1_contig_1","IGHV1-69*12","IGHJ3*01","IGKV3-20*01","IGKJ1*01",NA,NA,"IgG1",17,4.42791748,61,"I2","top_IgG"
"471","PSC94",0,"TGGGAAGAGGCAGTCA-1_contig_1","IGHV1-69*05","IGHJ3*02","IGKV3-20*01","IGKJ1*01",NA,NA,"IgG1",17,5.29901123,46,"I2","top_IgG"
"472","PSC94",0,"TGGTTCCAGAGAGCTC-1_contig_1","IGHV1-69*12","IGHJ3*02","IGKV3-20*01","IGKJ1*01",NA,NA,"IgG1",17,4.308288574,45,"I2","top_IgG"
"473","PSC94",0,"TGTCCCACAAGCGCTC-1_contig_1","IGHV1-69*12","IGHJ3*02","IGKV3-20*01","IGKJ1*01",NA,NA,"IgG1",17,5.212341309,38,"I2","top_IgG"
"474","PSC94",0,"TGTGTTTAGTCTCCTC-1_contig_1","IGHV1-69*12","IGHJ3*02",NA,NA,NA,NA,"IgA1",17,5.197937012,32,"I2","top_IgG"
"475","PSC94",0,"TGTGTTTTCGTTGACA-1_contig_1","IGHV1-69*12","IGHJ3*02","IGKV3-20*01","IGKJ1*01",NA,NA,"IgG1",17,4.557800293,40,"I2","top_IgG"
"476","PSC94",0,"TGTTCCGAGAGTCGGT-1_contig_1","IGHV1-69*12","IGHJ3*01","IGKV3-20*01","IGKJ1*01",NA,NA,"IgG1",17,4.658874512,53,"I2","top_IgG"
"477","PSC94",0,"TTGACTTGTCTGCAAT-1_contig_1","IGHV1-69*04","IGHJ3*02",NA,NA,NA,NA,"IgG1",17,5.262023926,38,"I2","top_IgG"
"478","PSC94",0,"TTTCCTCGTCTCGTTC-1_contig_1","IGHV1-69*15","IGHJ3*02",NA,NA,NA,NA,"IgG1",17,4.656677246,36,"I2","top_IgG"
"479","PSC94",0,"TTTGTCAGTAAGGGCT-1_contig_1","IGHV1-69*12","IGHJ3*02","IGKV3-20*01","IGKJ1*01",NA,NA,"IgA1",17,5.197937012,36,"I2","top_IgG"
"480","PSC02F",44,"CACAGTACAAGAAGAG-1_contig_2","IGHV1-2*02","IGHJ5*02","IGKV1-12*01","IGKJ5*01",NA,NA,"IgA1",11,4.429016113,18,"U1","top_IgA"
"481","PSC02F",44,"CCTACCACACGTAAGG-1_contig_2","IGHV1-2*02","IGHJ5*02","IGKV1-12*01","IGKJ5*01",NA,NA,"IgA1",11,4.429016113,18,"U1","top_IgA"
"482","PSC02F",44,"GCCAAATGTCTGATTG-1_contig_1","IGHV1-2*02","IGHJ5*02","IGKV1-12*01","IGKJ5*01",NA,NA,"IgG1",11,6.004943848,8,"U1","top_IgA"
"483","PSC02F",63,"CACAGTATCTCGCATC-1_contig_1","IGHV1-46*01","IGHJ4*02","IGKV4-1*01","IGKJ4*01",NA,NA,"IgG1",11,6.789367676,26,"U1","top_IgG"
"484","PSC02F",63,"CCATTCGTCCCTGACT-1_contig_2","IGHV1-46*01","IGHJ4*02","IGKV4-1*01","IGKJ4*01",NA,NA,"IgG1",11,6.789367676,26,"U1","top_IgG"
"485","PSC02F",63,"GTTCATTCATTTGCCC-1_contig_2","IGHV1-46*01","IGHJ4*02","IGKV4-1*01","IGKJ4*01",NA,NA,"IgG1",11,6.789367676,26,"U1","top_IgG"
"486","PSC28D",58,"AATCCAGAGCTCTCGG-1_contig_2","IGHV3-23*01","IGHJ6*02","IGKV2-28*01","IGKJ1*01",NA,NA,"IgA2",16,4.207946777,26,"I1","top_IgA"
"487","PSC28D",58,"AATCCAGGTGAAAGAG-1_contig_2","IGHV3-23*01","IGHJ6*02","IGKV2-28*01","IGKJ1*01",NA,NA,"IgA2",16,4.207946777,30,"I1","top_IgA"
"488","PSC28D",58,"CGTCACTTCATCGATG-1_contig_2","IGHV3-23*01","IGHJ6*02","IGKV2-28*01","IGKJ1*01",NA,NA,"IgA2",16,6.78717041,32,"I1","top_IgA"
"489","PSC28D",58,"CGTGAGCAGCGATCCC-1_contig_3","IGHV3-23*01","IGHJ6*02",NA,NA,"IGLV3-1*01","IGLJ2*01","IgA1",16,4.207946777,21,"I1","top_IgA"
"490","PSC28D",58,"CGTGAGCAGTACCGGA-1_contig_3","IGHV3-23*01","IGHJ6*02","IGKV2-28*01","IGKJ1*01",NA,NA,"IgA2",16,6.78717041,32,"I1","top_IgA"
"491","PSC28D",58,"CTCGGGATCCGAATGT-1_contig_3","IGHV3-23*01","IGHJ6*02",NA,NA,"IGLV3-1*01","IGLJ2*01","IgA1",16,4.207946777,21,"I1","top_IgA"
"492","PSC28D",58,"GCGGGTTAGAATGTTG-1_contig_2","IGHV3-23*01","IGHJ6*02","IGKV2-28*01","IGKJ1*01",NA,NA,"IgA1",16,4.207946777,32,"I1","top_IgA"
"493","PSC28D",58,"GGATGTTTCACCCTCA-1_contig_1","IGHV3-23*01","IGHJ6*02","IGKV2-28*01","IGKJ1*01",NA,NA,"IgA2",16,6.78717041,32,"I1","top_IgA"
"494","PSC28D",175,"ACGGGCTGTCAGAATA-1_contig_1","IGHV3-74*01","IGHJ4*02","IGKV2-28*01","IGKJ4*01",NA,NA,"IgG2",16,6.114196777,42,"I1","top_IgG"
"495","PSC28D",175,"ACTGAGTAGAGCTGCA-1_contig_2","IGHV3-74*01","IGHJ4*02","IGKV2-28*01","IGKJ4*01",NA,NA,"IgG2",16,4.679260254,37,"I1","top_IgG"
"496","PSC28D",175,"AGCTCCTGTTCTGAAC-1_contig_1","IGHV3-74*01","IGHJ4*02","IGKV2-28*01","IGKJ4*01",NA,NA,"IgG2",16,6.114196777,42,"I1","top_IgG"
"497","PSC28D",175,"ATAGACCTCCTCTAGC-1_contig_1","IGHV3-74*01","IGHJ4*02","IGKV2-28*01","IGKJ4*01",NA,NA,"IgG2",16,6.114196777,42,"I1","top_IgG"
"498","PSC28D",175,"CACCAGGGTCGCATAT-1_contig_1","IGHV3-74*01","IGHJ4*02","IGKV2-28*01","IGKJ4*01",NA,NA,"IgG2",16,6.114196777,42,"I1","top_IgG"
"499","PSC28D",175,"CAGAGAGAGCTGCAAG-1_contig_3","IGHV3-74*01","IGHJ4*02","IGKV2-28*01","IGKJ4*01",NA,NA,"IgG2",16,6.114196777,42,"I1","top_IgG"
"500","PSC28D",175,"CCACCTATCTCCAACC-1_contig_2","IGHV3-74*01","IGHJ4*02","IGKV2-28*01","IGKJ4*01",NA,NA,"IgG2",16,6.114196777,42,"I1","top_IgG"
"501","PSC28D",175,"CTCACACAGTGCCAGA-1_contig_3","IGHV3-74*01","IGHJ4*02","IGKV2-28*01","IGKJ4*01",NA,NA,"IgG2",16,6.114196777,42,"I1","top_IgG"
"502","PSC28D",175,"CTTAGGATCCATTCTA-1_contig_3","IGHV3-74*01","IGHJ4*02","IGKV2-28*01","IGKJ4*01",NA,NA,"IgG2",16,6.114196777,42,"I1","top_IgG"
"503","PSC28D",175,"GACGTTAGTTAAGTAG-1_contig_3","IGHV3-74*01","IGHJ4*02","IGKV2-28*01","IGKJ4*01",NA,NA,"IgG2",16,6.114196777,42,"I1","top_IgG"
"504","PSC28D",175,"GCGCAACAGGCGACAT-1_contig_3","IGHV3-74*01","IGHJ4*02","IGKV2-28*01","IGKJ4*01",NA,NA,"IgG2",16,6.114196777,42,"I1","top_IgG"
"505","PSC28D",175,"TACGGATTCCCAAGTA-1_contig_4","IGHV3-74*01","IGHJ4*02","IGKV2-28*01","IGKJ4*01",NA,NA,"IgG2",16,6.114196777,42,"I1","top_IgG"
"506","PSC28D",175,"TAGACCAGTATGCTTG-1_contig_1","IGHV3-74*01","IGHJ4*02","IGKV2-28*01","IGKJ4*01",NA,NA,"IgG2",16,6.114196777,42,"I1","top_IgG"
"507","PSC28D",175,"TGCTACCAGAACTCGG-1_contig_2","IGHV3-74*01","IGHJ4*02","IGKV2-28*01","IGKJ4*01",NA,NA,"IgG2",16,6.114196777,42,"I1","top_IgG"
"508","PSC59C",252,"ACAGCCGTCGCATGAT-1_contig_2","IGHV4-59*08","IGHJ5*01","IGKV1-27*01","IGKJ3*01",NA,NA,"IgA2",19,9.643615723,27,"I1","top_IgA"
"509","PSC59C",252,"ACTGTCCGTGAGGCTA-1_contig_2","IGHV4-59*08","IGHJ5*01","IGKV1-27*01","IGKJ3*01",NA,NA,"IgA2",19,9.643615723,27,"I1","top_IgA"
"510","PSC59C",252,"ACTTACTAGATGTAAC-1_contig_2","IGHV4-59*08","IGHJ5*01","IGKV1-27*01","IGKJ3*01",NA,NA,"IgA2",19,9.643615723,27,"I1","top_IgA"
"511","PSC59C",252,"ACTTGTTGTACATCCA-1_contig_2","IGHV4-59*08","IGHJ5*01","IGKV1-27*01","IGKJ3*01",NA,NA,"IgA2",19,9.643615723,27,"I1","top_IgA"
"512","PSC59C",252,"AGAATAGCAATGAATG-1_contig_2","IGHV4-59*08","IGHJ5*01","IGKV1-27*01","IGKJ3*01",NA,NA,"IgA2",19,9.643615723,27,"I1","top_IgA"
"513","PSC59C",252,"AGCAGCCCAGCAGTTT-1_contig_1","IGHV4-59*08","IGHJ5*01","IGKV1-27*01","IGKJ3*01",NA,NA,"IgA2",19,9.643615723,27,"I1","top_IgA"
"514","PSC59C",252,"AGTGAGGAGTTGAGTA-1_contig_2","IGHV4-59*08","IGHJ5*01","IGKV1-27*01","IGKJ3*01",NA,NA,"IgA2",19,9.643615723,27,"I1","top_IgA"
"515","PSC59C",252,"AGTGGGAAGGCCCTCA-1_contig_2","IGHV4-59*08","IGHJ5*01","IGKV1-27*01","IGKJ3*01",NA,NA,"IgA2",19,9.643615723,27,"I1","top_IgA"
"516","PSC59C",252,"ATTTCTGGTACATCCA-1_contig_2","IGHV4-59*08","IGHJ5*01","IGKV1-27*01","IGKJ3*01",NA,NA,"IgA2",19,9.643615723,27,"I1","top_IgA"
"517","PSC59C",252,"CGATGGCTCGAATGGG-1_contig_2","IGHV4-59*08","IGHJ5*01","IGKV1-27*01","IGKJ3*01",NA,NA,"IgA2",19,9.643615723,27,"I1","top_IgA"
"518","PSC59C",252,"CGATTGATCTACTCAT-1_contig_2","IGHV4-59*08","IGHJ5*01","IGKV1-27*01","IGKJ3*01",NA,NA,"IgA2",19,9.643615723,27,"I1","top_IgA"
"519","PSC59C",252,"CGTTCTGGTTATGCGT-1_contig_1","IGHV4-59*08","IGHJ5*01","IGKV1-27*01","IGKJ3*01",NA,NA,"IgA2",19,9.643615723,27,"I1","top_IgA"
"520","PSC59C",252,"GCTTCCACACTGTTAG-1_contig_2","IGHV4-59*08","IGHJ5*01","IGKV1-27*01","IGKJ3*01",NA,NA,"IgA2",19,9.643615723,27,"I1","top_IgA"
"521","PSC59C",252,"GGCTCGAGTCTCCACT-1_contig_2","IGHV4-59*08","IGHJ5*01","IGKV1-27*01","IGKJ3*01",NA,NA,"IgA2",19,9.643615723,27,"I1","top_IgA"
"522","PSC59C",252,"GTCTTCGCAGAGTGTG-1_contig_2","IGHV4-59*08","IGHJ5*01","IGKV1-27*01","IGKJ3*01",NA,NA,"IgA2",19,9.643615723,27,"I1","top_IgA"
"523","PSC59C",252,"TCAACGAAGCGTGAGT-1_contig_1","IGHV4-59*08","IGHJ5*01","IGKV1-27*01","IGKJ3*01",NA,NA,"IgA2",19,9.643615723,27,"I1","top_IgA"
"524","PSC59C",252,"TCTTCGGAGCACACAG-1_contig_2","IGHV4-59*08","IGHJ5*01","IGKV1-27*01","IGKJ3*01",NA,NA,"IgA2",19,9.643615723,27,"I1","top_IgA"
"525","PSC59C",252,"TGGGAAGAGAAGCCCA-1_contig_2","IGHV4-59*08","IGHJ5*01","IGKV1-27*01","IGKJ3*01",NA,NA,"IgA2",19,9.643615723,27,"I1","top_IgA"
"526","PSC59C",252,"TTTGGTTCACCGAAAG-1_contig_2","IGHV4-59*08","IGHJ5*01","IGKV1-27*01","IGKJ3*01",NA,NA,"IgA2",19,9.643615723,27,"I1","top_IgA"
"527","PSC59C",42,"AAGTCTGCAGGAATCG-1_contig_1","IGHV3-66*01","IGHJ4*02",NA,NA,"IGLV2-18*02","IGLJ2*01","IgG1",14,8.790222168,14,"I1","top_IgG"
"528","PSC59C",42,"ACTTACTTCAGTGTTG-1_contig_2","IGHV3-66*01","IGHJ4*02",NA,NA,"IGLV2-18*02","IGLJ2*01","IgG1",14,8.790222168,14,"I1","top_IgG"
"529","PSC59C",42,"AGTGAGGCATGTAAGA-1_contig_1","IGHV3-66*01","IGHJ4*02",NA,NA,"IGLV2-18*02","IGLJ2*01","IgG1",14,8.790222168,14,"I1","top_IgG"
"530","PSC59C",42,"CCAATCCTCGTCCGTT-1_contig_2","IGHV3-66*01","IGHJ4*02",NA,NA,"IGLV2-18*02","IGLJ2*01","IgG1",14,8.790222168,14,"I1","top_IgG"
"531","PSC59C",42,"CGATGGCAGTTGTCGT-1_contig_3","IGHV3-66*01","IGHJ4*02",NA,NA,"IGLV2-18*02","IGLJ2*01","IgG1",14,8.790222168,14,"I1","top_IgG"
"532","PSC59C",42,"CGGACACGTCATATCG-1_contig_3","IGHV3-66*01","IGHJ4*02",NA,NA,"IGLV2-18*02","IGLJ2*01","IgG1",14,8.790222168,14,"I1","top_IgG"
"533","PSC59C",42,"GTGAAGGTCTTACCGC-1_contig_4","IGHV3-66*01","IGHJ4*02",NA,NA,"IGLV2-18*02","IGLJ2*01","IgG1",14,8.790222168,14,"I1","top_IgG"
"534","PSC59C",42,"GTTCATTGTCTTCAAG-1_contig_4","IGHV3-66*01","IGHJ4*02",NA,NA,"IGLV2-18*02","IGLJ2*01","IgG1",14,8.790222168,14,"I1","top_IgG"
"535","PSC59C",42,"TATGCCCTCCTAGTGA-1_contig_3","IGHV3-66*01","IGHJ4*02",NA,NA,"IGLV2-18*02","IGLJ2*01","IgG1",14,8.790222168,14,"I1","top_IgG"
"536","PSC59C",42,"TTTACTGAGCGCTCCA-1_contig_2","IGHV3-66*01","IGHJ4*02",NA,NA,"IGLV2-18*02","IGLJ2*01","IgG1",14,8.790222168,14,"I1","top_IgG"
"537","PSC59C",42,"TTTGTCACAGCTGTGC-1_contig_3","IGHV3-66*01","IGHJ4*02",NA,NA,"IGLV2-18*02","IGLJ2*01","IgG1",14,8.790222168,14,"I1","top_IgG"
"538","PSC59C",42,"ACGGGCTAGTGTACCT-1_contig_1","IGHV3-66*01","IGHJ4*02",NA,NA,"IGLV2-18*02","IGLJ2*01","Unknown",14,8.790222168,14,"I1","top_IgG"
"539","PSC59C",42,"GCTTGAAGTAAGTGTA-1_contig_1","IGHV3-66*01","IGHJ4*02",NA,NA,"IGLV2-18*02","IGLJ2*01","Unknown",14,8.790222168,14,"I1","top_IgG"
"540","PSC59C",42,"ACTGATGTCAACCAAC-1_contig_1","IGHV3-66*01","IGHJ4*02",NA,NA,"IGLV2-18*02","IGLJ2*01","ACC",14,8.790222168,14,"I1","top_IgG"
"541","PSC46C",207,"AACTGGTAGCTGTTCA-1_contig_8","IGHV3-33*01","IGHJ4*02","IGKV2-28*01","IGKJ5*01",NA,NA,"IgA2",12,8.796203613,46,"U1","top_IgA"
"542","PSC46C",207,"AAGGCAGAGACTAAGT-1_contig_14","IGHV3-NL1*01","IGHJ4*02","IGKV2-28*01","IGKJ5*01",NA,NA,"IgA2",12,8.796203613,23,"U1","top_IgA"
"543","PSC46C",207,"ACCGTAATCGGAGGTA-1_contig_18","IGHV3-33*01","IGHJ4*02","IGKV2-28*01","IGKJ5*01",NA,NA,"IgA2",12,8.796203613,29,"U1","top_IgA"
"544","PSC46C",207,"ACTATCTGTCGCGGTT-1_contig_6","IGHV3-33*01","IGHJ4*02","IGKV2-28*01","IGKJ5*01","IGLV1-47*01","IGLJ1*01","IgA2",12,8.796203613,44,"U1","top_IgA"
"545","PSC46C",207,"AGCTCTCCACGGCTAC-1_contig_3","IGHV3-33*06","IGHJ4*02","IGKV2-28*01","IGKJ5*01",NA,NA,"IgA2",12,8.639831543,15,"U1","top_IgA"
"546","PSC46C",207,"ATCCGAAAGATAGGAG-1_contig_12","IGHV3-33*01","IGHJ4*02","IGKV2-28*01","IGKJ5*01","IGLV2-11*01","IGLJ3*02","IgA2",12,8.796203613,45,"U1","top_IgA"
"547","PSC46C",207,"ATGCGATAGTTATCGC-1_contig_4","IGHV3-33*01","IGHJ4*02","IGKV2-28*01","IGKJ5*01",NA,NA,"IgA2",12,8.796203613,44,"U1","top_IgA"
"548","PSC46C",207,"CAGAATCCAGTCGATT-1_contig_15","IGHV3-33*06","IGHJ4*02","IGKV2-28*01","IGKJ5*01",NA,NA,"IgA",12,8.639831543,15,"U1","top_IgA"
"549","PSC46C",207,"CCAGCGACATCCCACT-1_contig_1","IGHV3-33*06","IGHJ4*02","IGKV2-28*01","IGKJ5*01","IGLV1-36*01","IGLJ3*02","IgA2",12,8.639831543,15,"U1","top_IgA"
"550","PSC46C",207,"CCTTCCCCAATGCCAT-1_contig_6","IGHV3-33*01","IGHJ4*02","IGKV2-28*01","IGKJ5*01",NA,NA,"IgA1",12,8.796203613,44,"U1","top_IgA"
"551","PSC46C",207,"CGATGTACACCGTTGG-1_contig_8","IGHV3-33*06","IGHJ4*02","IGKV2-28*01","IGKJ5*01",NA,NA,"IgA2",12,6.809875488,18,"U1","top_IgA"
"552","PSC46C",207,"CTGAAGTGTCCAGTTA-1_contig_6","IGHV3-33*06","IGHJ4*02","IGKV2-28*01","IGKJ5*01",NA,NA,"IgA2",12,8.639831543,30,"U1","top_IgA"
"553","PSC46C",207,"CTTACCGGTACTTGAC-1_contig_3","IGHV3-33*01","IGHJ4*02","IGKV2-28*01","IGKJ5*01",NA,NA,"IgA",12,8.796203613,44,"U1","top_IgA"
"554","PSC46C",207,"GACTACACACACTGCG-1_contig_6","IGHV3-33*02","IGHJ4*02","IGKV2-28*01","IGKJ5*01",NA,NA,"unknown",0,0,10,"U1","top_IgA"
"555","PSC46C",207,"GATCGTAAGAAACCAT-1_contig_9","IGHV3-33*06","IGHJ4*02","IGKV2-28*01","IGKJ5*01","IGLV2-8*01","IGLJ3*02","Unknown",12,8.639831543,41,"U1","top_IgA"
"556","PSC46C",207,"GCGAGAAGTAAAGTCA-1_contig_3","IGHV3-33*06","IGHJ4*02","IGKV2-28*01","IGKJ5*01",NA,NA,"IgA2",12,6.809875488,18,"U1","top_IgA"
"557","PSC46C",207,"GCTCTGTAGACCACGA-1_contig_5","IGHV3-33*01","IGHJ4*02","IGKV2-28*01","IGKJ5*01",NA,NA,"IgA2",12,8.796203613,23,"U1","top_IgA"
"558","PSC46C",207,"GCTGCTTAGTGACTCT-1_contig_6","IGHV3-33*01","IGHJ4*02","IGKV2-28*01","IGKJ5*01",NA,NA,"IgA2",12,8.796203613,44,"U1","top_IgA"
"559","PSC46C",207,"GGTGTTAAGATATGCA-1_contig_3","IGHV3-33*01","IGHJ4*02","IGKV2-28*01","IGKJ5*01",NA,NA,"IgA2",12,8.796203613,44,"U1","top_IgA"
"560","PSC46C",207,"GTTAAGCAGTGACATA-1_contig_10","IGHV3-NL1*01","IGHJ4*02","IGKV2-28*01","IGKJ5*01",NA,NA,"IgA2",12,8.796203613,29,"U1","top_IgA"
"561","PSC46C",207,"GTTCGGGGTTCAACCA-1_contig_2","IGHV3-NL1*01","IGHJ4*02","IGKV2-28*01","IGKJ5*01",NA,NA,"IgA2",12,8.796203613,24,"U1","top_IgA"
"562","PSC46C",207,"TCAATCTCAAGTCTAC-1_contig_2","IGHV3-NL1*01","IGHJ4*02","IGKV2-28*01","IGKJ5*01",NA,NA,"IgA2",12,8.796203613,29,"U1","top_IgA"
"563","PSC46C",207,"TCAATCTGTATGAATG-1_contig_2","IGHV3-NL1*01","IGHJ4*02","IGKV2-28*01","IGKJ5*01",NA,NA,"IgA2",12,8.796203613,23,"U1","top_IgA"
"564","PSC46C",207,"TCAGGTAAGACAGAGA-1_contig_1","IGHV3-33*01","IGHJ4*02","IGKV2-28*01","IGKJ5*01",NA,NA,"IgA2",12,8.796203613,44,"U1","top_IgA"
"565","PSC46C",207,"TCGGGACAGCATGGCA-1_contig_2","IGHV3-33*03","IGHJ4*02","IGKV2-28*01","IGKJ5*01",NA,NA,"IgA2",12,6.288513184,38,"U1","top_IgA"
"566","PSC46C",207,"TGACAACTCAGGCGAA-1_contig_6","IGHV3-33*01","IGHJ4*02","IGKV2-28*01","IGKJ5*01",NA,NA,"IgA2",12,8.796203613,25,"U1","top_IgA"
"567","PSC46C",207,"TGAGGGAGTCCGAAGA-1_contig_2","IGHV3-33*06","IGHJ4*02","IGKV2-28*01","IGKJ5*01",NA,NA,"IgA2",12,8.639831543,15,"U1","top_IgA"
"568","PSC46C",207,"TGTGTTTTCTGGTGTA-1_contig_5","IGHV3-33*01","IGHJ4*02","IGKV2-28*01","IGKJ5*01",NA,NA,"IgA2",12,8.796203613,44,"U1","top_IgA"
"569","PSC84C",175,"AAAGATGTCCTGCCAT-1_contig_2","IGHV1-3*01","IGHJ3*02","IGKV3-20*01","IGKJ1*01",NA,NA,"IgA1",20,6.793151855,15,"I1","top_IgA"
"570","PSC84C",175,"AGGGATGAGGAGTTGC-1_contig_2","IGHV1-3*01","IGHJ3*02","IGKV3-20*01","IGKJ1*01",NA,NA,"IgA1",20,6.793151855,15,"I1","top_IgA"
"571","PSC84C",175,"CCTTACGGTACTTCTT-1_contig_2","IGHV1-3*01","IGHJ3*02","IGKV3-20*01","IGKJ1*01",NA,NA,"IgA1",20,6.793151855,15,"I1","top_IgA"
"572","PSC84C",175,"CGCTATCAGCAACGGT-1_contig_2","IGHV1-3*01","IGHJ3*02","IGKV3-20*01","IGKJ1*01",NA,NA,"IgA1",20,6.793151855,11,"I1","top_IgA"
"573","PSC84C",175,"GGACATTGTGATGTCT-1_contig_2","IGHV1-3*01","IGHJ3*02","IGKV3-20*01","IGKJ1*01",NA,NA,"IgA1",20,6.793151855,15,"I1","top_IgA"
"574","PSC79",937,"CAGCGACGTCTCCACT-1_contig_3","IGHV1-3*01","IGHJ4*02","IGKV3-20*01","IGKJ1*01",NA,NA,"IgA1",10,5.879455566,31,"I1","top_IgA"
"575","PSC79",937,"AAACGGGAGAATGTGT-1_contig_7","IGHV1-3*01","IGHJ4*02","IGKV3-20*01","IGKJ1*01",NA,NA,"IgA2",10,5.879455566,26,"I1","top_IgA"
"576","PSC79",937,"AAAGTAGAGTACCGGA-1_contig_3","IGHV1-3*01","IGHJ4*02","IGKV3-20*01","IGKJ1*01",NA,NA,"IgA2",10,4.370300293,23,"I1","top_IgA"
"577","PSC79",937,"AACACGTAGAATGTTG-1_contig_8","IGHV1-3*01","IGHJ4*02","IGKV3-20*01","IGKJ1*01",NA,NA,"IgA2",10,4.370300293,23,"I1","top_IgA"
"578","PSC79",937,"CGAACATCAGTCCTTC-1_contig_6","IGHV1-3*01","IGHJ4*02","IGKV3-20*01","IGKJ1*01",NA,NA,"IgA2",10,4.370300293,23,"I1","top_IgA"
"579","PSC79",937,"CGAGAAGAGGAATGGA-1_contig_1","IGHV1-3*01","IGHJ4*02","IGKV3-20*01","IGKJ1*01",NA,NA,"IgA2",10,4.370300293,23,"I1","top_IgA"
"580","PSC79",937,"CTGCTGTAGGTAAACT-1_contig_5","IGHV1-3*01","IGHJ4*02","IGKV3-20*01","IGKJ1*01",NA,NA,"IgA2",10,5.879455566,26,"I1","top_IgA"
"581","PSC79",937,"GGGAGATCAAGTCATC-1_contig_6","IGHV1-3*01","IGHJ4*02","IGKV3-20*01","IGKJ1*01",NA,NA,"IgA2",10,4.370300293,23,"I1","top_IgA"
"582","PSC79",937,"TATCAGGGTTACTGAC-1_contig_5","IGHV1-3*01","IGHJ4*02","IGKV3-20*01","IGKJ1*01",NA,NA,"IgA2",10,4.370300293,23,"I1","top_IgA"
"583","PSC79",937,"TCAGGTAAGACAAGCC-1_contig_3","IGHV1-3*01","IGHJ4*02","IGKV3-20*01","IGKJ1*01",NA,NA,"IgA2",10,4.370300293,23,"I1","top_IgA"
"584","PSC79",937,"TGAGAGGTCTCACATT-1_contig_5","IGHV1-3*01","IGHJ4*02","IGKV3-20*01","IGKJ1*01",NA,NA,"IgA2",10,4.370300293,23,"I1","top_IgA"
"585","PSC79",937,"TTGGAACGTGTGGTTT-1_contig_5","IGHV1-3*01","IGHJ4*02","IGKV3-20*01","IGKJ1*01",NA,NA,"IgA2",10,4.370300293,23,"I1","top_IgA"
"586","PSC79",937,"GTTAAGCAGACAAAGG-1_contig_5","IGHV1-3*01","IGHJ4*02","IGKV3-20*01","IGKJ1*01",NA,NA,"IgG1",10,4.370300293,23,"I1","top_IgA"
"587","PSC46C",209,"ACTGAACAGCTGAAAT-1_contig_14","IGHV2-5*02","IGHJ4*02","IGKV4-1*01","IGKJ4*01","IGLV2-8*01","IGLJ1*01","IgG",20,9.527893066,48,"U1","top_IgG"
"588","PSC46C",209,"CAAGTTGAGAGGACGG-1_contig_10","IGHV2-5*02","IGHJ4*02",NA,NA,"IGLV2-8*01","IGLJ1*01","IgA2",20,6.790466309,37,"U1","top_IgG"
"589","PSC46C",209,"CAGTAACTCTTCTGGC-1_contig_9","IGHV2-5*02","IGHJ4*02",NA,NA,"IGLV2-8*01","IGLJ1*01","IgG1",20,8.546447754,35,"U1","top_IgG"
"590","PSC46C",209,"GAATAAGAGGATGGTC-1_contig_6","IGHV2-5*02","IGHJ4*02","IGKV4-1*01","IGKJ4*01","IGLV2-8*01","IGLJ1*01","IgA2",20,3.492370605,66,"U1","top_IgG"
"591","PSC46C",209,"GTAGTCAAGTGAATTG-1_contig_7","IGHV2-5*02","IGHJ4*02","IGKV3-11*01","IGKJ4*01","IGLV2-8*01","IGLJ1*01","IgG1",20,6.082458496,27,"U1","top_IgG"
"592","PSC46C",209,"TGACAACCAAAGGCGT-1_contig_1","IGHV2-5*02","IGHJ4*02","IGKV4-1*01","IGKJ4*01","IGLV2-8*01","IGLJ1*01","IgG1",20,8.63873291,36,"U1","top_IgG"
"593","PSC79",0,"ACGATACAGCACAGGT-1_contig_2","IGHV1-69*06","IGHJ4*02",NA,NA,"IGLV1-40*01","IGLJ2*01","IgG1",14,8.632629395,44,"I1","top_IgG"
"594","PSC79",0,"AGCGGTCTCGATGAGG-1_contig_1","IGHV1-69*01","IGHJ1*01",NA,NA,"IGLV1-40*01","IGLJ2*01","IgG1",14,9.986755371,29,"I1","top_IgG"
"595","PSC79",0,"CGATGTAGTGGCCCTA-1_contig_1","IGHV1-69*01","IGHJ4*02",NA,NA,"IGLV1-40*01","IGLJ2*01","IgG1",14,8.632629395,42,"I1","top_IgG"
"596","PSC79",0,"CGATGTAGTTCGAATC-1_contig_2","IGHV1-69*06","IGHJ4*02",NA,NA,"IGLV1-40*01","IGLJ2*01","IgG1",14,8.632629395,51,"I1","top_IgG"
"597","PSC79",0,"GATCAGTCACGGTGTC-1_contig_1","IGHV1-69*01","IGHJ4*02",NA,NA,"IGLV1-40*01","IGLJ2*01","IgG1",14,8.63885498,29,"I1","top_IgG"
"598","PSC79",0,"GATGCTAAGTGTTAGA-1_contig_1","IGHV1-69*01","IGHJ4*02",NA,NA,"IGLV1-40*01","IGLJ2*01","IgG1",14,9.986755371,39,"I1","top_IgG"
"599","PSC79",0,"GTAGTCAGTAAGTGTA-1_contig_3","IGHV1-69*01","IGHJ5*02",NA,NA,"IGLV1-40*01","IGLJ2*01","IgG1",14,8.633728027,37,"I1","top_IgG"
"600","PSC79",0,"TAGCCGGAGACGCACA-1_contig_1","IGHV1-69*01","IGHJ5*02",NA,NA,"IGLV1-40*01","IGLJ2*01","IgG1",14,8.633728027,32,"I1","top_IgG"
"601","PSC79",0,"TCCACACCAGGTGCCT-1_contig_1","IGHV1-69*01","IGHJ4*02",NA,NA,"IGLV1-40*01","IGLJ2*01","IgG1",14,8.633728027,42,"I1","top_IgG"
"602","PSC79",0,"TCCACACCAGTTCATG-1_contig_2","IGHV1-69*01","IGHJ4*02",NA,NA,"IGLV1-40*01","IGLJ2*01","IgG1",14,9.986877441,35,"I1","top_IgG"
"603","PSC79",0,"TCGTACCCAACAACCT-1_contig_3","IGHV1-69*06","IGHJ4*01",NA,NA,"IGLV1-40*01","IGLJ2*01","IgG1",14,8.632629395,49,"I1","top_IgG"
"604","PSC79",0,"TCTCTAACAAGAGTCG-1_contig_2","IGHV1-69*01","IGHJ5*02",NA,NA,"IGLV1-40*01","IGLJ2*01","IgG1",14,8.633728027,29,"I1","top_IgG"
"605","PSC79",0,"TTATGCTAGTACATGA-1_contig_1","IGHV1-69*01","IGHJ4*02",NA,NA,"IGLV1-40*01","IGLJ2*01","IgG1",14,9.986755371,36,"I1","top_IgG"
